Customer_Name,Province,Region,Customer_Segment,Cust_id
"MUHAMMED MACINTYRE",NUNAVUT,NUNAVUT,"SMALL BUSINESS",Cust_1
"BARRY FRENCH",NUNAVUT,NUNAVUT,CONSUMER,Cust_2
"CLAY ROZENDAL",NUNAVUT,NUNAVUT,CORPORATE,Cust_3
"CARLOS SOLTERO",NUNAVUT,NUNAVUT,CONSUMER,Cust_4
"CARL JACKSON",NUNAVUT,NUNAVUT,CORPORATE,Cust_5
"MONICA FEDERLE",NUNAVUT,NUNAVUT,CORPORATE,Cust_6
"DOROTHY BADDERS",NUNAVUT,NUNAVUT,"HOME OFFICE",Cust_7
"NEOLA SCHNEIDER",NUNAVUT,NUNAVUT,"HOME OFFICE",Cust_8
"CARLOS DALY",NUNAVUT,NUNAVUT,"HOME OFFICE",Cust_9
"CLAUDIA MINER",NUNAVUT,NUNAVUT,"SMALL BUSINESS",Cust_10
"ALLEN ROSENBLATT",NUNAVUT,NUNAVUT,"SMALL BUSINESS",Cust_11
"SYLVIA FOULSTON",NUNAVUT,NUNAVUT,"HOME OFFICE",Cust_12
"JIM RADFORD",NUNAVUT,NUNAVUT,CORPORATE,Cust_13
"CARL LUDWIG",NUNAVUT,NUNAVUT,CORPORATE,Cust_14
"DON MILLER",NUNAVUT,NUNAVUT,"HOME OFFICE",Cust_15
"ANNIE CYPRUS",NUNAVUT,NUNAVUT,"HOME OFFICE",Cust_16
"GRANT CARROLL",NUNAVUT,NUNAVUT,"SMALL BUSINESS",Cust_17
"ALAN BARNES",NUNAVUT,NUNAVUT,CORPORATE,Cust_18
"JACK GARZA",NUNAVUT,NUNAVUT,CORPORATE,Cust_19
"JULIA WEST",NUNAVUT,NUNAVUT,CORPORATE,Cust_20
"EUGENE BARCHAS",NUNAVUT,NUNAVUT,CORPORATE,Cust_21
"EDWARD HOOKS",NUNAVUT,NUNAVUT,CONSUMER,Cust_22
"BRAD EASON",NUNAVUT,NUNAVUT,"SMALL BUSINESS",Cust_23
"NICOLE HANSEN",NUNAVUT,NUNAVUT,"SMALL BUSINESS",Cust_24
"DOROTHY WARDLE",NUNAVUT,NUNAVUT,CORPORATE,Cust_25
"AARON BERGMAN",NUNAVUT,NUNAVUT,CORPORATE,Cust_26
"DON JONES",NUNAVUT,NUNAVUT,CORPORATE,Cust_27
"BETH THOMPSON",NUNAVUT,NUNAVUT,CORPORATE,Cust_28
"FRANK PRICE",NUNAVUT,NUNAVUT,CORPORATE,Cust_29
"MICHELLE LONSDALE",NUNAVUT,NUNAVUT,"HOME OFFICE",Cust_30
"ANN CHONG",NUNAVUT,NUNAVUT,CORPORATE,Cust_31
"JOY BELL",NUNAVUT,NUNAVUT,"HOME OFFICE",Cust_32
"SKYE NORLING",NUNAVUT,NUNAVUT,"HOME OFFICE",Cust_33
"BARRY WEIRICH",NUNAVUT,NUNAVUT,CORPORATE,Cust_34
"GRANT CARROLL",NUNAVUT,NUNAVUT,CORPORATE,Cust_35
"ADRIAN HANE",NUNAVUT,NUNAVUT,CORPORATE,Cust_36
"ANDREW GJERTSEN",NUNAVUT,NUNAVUT,CONSUMER,Cust_37
"RALPH KNIGHT",NUNAVUT,NUNAVUT,CONSUMER,Cust_38
"BETH PAIGE",NUNAVUT,NUNAVUT,CONSUMER,Cust_39
"SYLVIA FOULSTON",NUNAVUT,NUNAVUT,CORPORATE,Cust_40
"BETH PAIGE","NORTHWEST TERRITORIES","NORTHWEST TERRITORIES",CONSUMER,Cust_41
"SYLVIA FOULSTON","NORTHWEST TERRITORIES","NORTHWEST TERRITORIES",CORPORATE,Cust_42
"BRYAN DAVIS","NORTHWEST TERRITORIES","NORTHWEST TERRITORIES",CORPORATE,Cust_43
"JOY BELL","NORTHWEST TERRITORIES","NORTHWEST TERRITORIES","HOME OFFICE",Cust_44
"ALAN BARNES","NORTHWEST TERRITORIES","NORTHWEST TERRITORIES",CORPORATE,Cust_45
"GRANT CARROLL","NORTHWEST TERRITORIES","NORTHWEST TERRITORIES",CORPORATE,Cust_46
"DELFINA LATCHFORD","NORTHWEST TERRITORIES","NORTHWEST TERRITORIES","SMALL BUSINESS",Cust_47
"DON JONES","NORTHWEST TERRITORIES","NORTHWEST TERRITORIES",CORPORATE,Cust_48
"DOUG BICKFORD","NORTHWEST TERRITORIES","NORTHWEST TERRITORIES",CORPORATE,Cust_49
"JAMIE KUNITZ","NORTHWEST TERRITORIES","NORTHWEST TERRITORIES",CORPORATE,Cust_50
"ANTHONY JOHNSON","NORTHWEST TERRITORIES","NORTHWEST TERRITORIES","SMALL BUSINESS",Cust_51
"RALPH KNIGHT","NORTHWEST TERRITORIES","NORTHWEST TERRITORIES",CONSUMER,Cust_52
"ALLEN ROSENBLATT","NORTHWEST TERRITORIES","NORTHWEST TERRITORIES","SMALL BUSINESS",Cust_53
"BARRY WEIRICH","NORTHWEST TERRITORIES","NORTHWEST TERRITORIES",CORPORATE,Cust_54
"CARL JACKSON","NORTHWEST TERRITORIES","NORTHWEST TERRITORIES","HOME OFFICE",Cust_55
"BRENDAN DODSON","NORTHWEST TERRITORIES","NORTHWEST TERRITORIES",CORPORATE,Cust_56
"EDWARD HOOKS","NORTHWEST TERRITORIES","NORTHWEST TERRITORIES",CONSUMER,Cust_57
"MICHELLE LONSDALE","NORTHWEST TERRITORIES","NORTHWEST TERRITORIES","HOME OFFICE",Cust_58
"HUNTER GLANTZ","NORTHWEST TERRITORIES","NORTHWEST TERRITORIES",CORPORATE,Cust_59
"EUGENE BARCHAS","NORTHWEST TERRITORIES","NORTHWEST TERRITORIES","HOME OFFICE",Cust_60
"JIM RADFORD","NORTHWEST TERRITORIES","NORTHWEST TERRITORIES",CORPORATE,Cust_61
"CARLOS SOLTERO","NORTHWEST TERRITORIES","NORTHWEST TERRITORIES","SMALL BUSINESS",Cust_62
"GRANT CARROLL","NORTHWEST TERRITORIES","NORTHWEST TERRITORIES","SMALL BUSINESS",Cust_63
"SKYE NORLING","NORTHWEST TERRITORIES","NORTHWEST TERRITORIES","HOME OFFICE",Cust_64
"MUHAMMED MACINTYRE","NORTHWEST TERRITORIES","NORTHWEST TERRITORIES","SMALL BUSINESS",Cust_65
"DOUG BICKFORD","NORTHWEST TERRITORIES","NORTHWEST TERRITORIES","SMALL BUSINESS",Cust_66
"BETH THOMPSON","NORTHWEST TERRITORIES","NORTHWEST TERRITORIES",CORPORATE,Cust_67
"DOROTHY BADDERS","NORTHWEST TERRITORIES","NORTHWEST TERRITORIES","HOME OFFICE",Cust_68
"JULIA WEST","NORTHWEST TERRITORIES","NORTHWEST TERRITORIES",CORPORATE,Cust_69
"BRAD EASON","NORTHWEST TERRITORIES","NORTHWEST TERRITORIES","SMALL BUSINESS",Cust_70
"THOMAS SEIO","NORTHWEST TERRITORIES","NORTHWEST TERRITORIES","HOME OFFICE",Cust_71
"MONICA FEDERLE","NORTHWEST TERRITORIES","NORTHWEST TERRITORIES",CORPORATE,Cust_72
"FRANK PRICE","NORTHWEST TERRITORIES","NORTHWEST TERRITORIES",CORPORATE,Cust_73
"NICOLE HANSEN","NORTHWEST TERRITORIES","NORTHWEST TERRITORIES",CORPORATE,Cust_74
"NICOLE HANSEN","NORTHWEST TERRITORIES","NORTHWEST TERRITORIES","SMALL BUSINESS",Cust_75
"CARLOS SOLTERO","NORTHWEST TERRITORIES","NORTHWEST TERRITORIES",CONSUMER,Cust_76
"DON MILLER","NORTHWEST TERRITORIES","NORTHWEST TERRITORIES","HOME OFFICE",Cust_77
"BECKY CASTELL","NORTHWEST TERRITORIES","NORTHWEST TERRITORIES",CONSUMER,Cust_78
"DOROTHY WARDLE","NORTHWEST TERRITORIES","NORTHWEST TERRITORIES",CORPORATE,Cust_79
"ANN CHONG","NORTHWEST TERRITORIES","NORTHWEST TERRITORIES",CORPORATE,Cust_80
"CLAY ROZENDAL","NORTHWEST TERRITORIES","NORTHWEST TERRITORIES",CORPORATE,Cust_81
"CARLOS DALY","NORTHWEST TERRITORIES","NORTHWEST TERRITORIES","HOME OFFICE",Cust_82
"CARI SCHNELLING","NORTHWEST TERRITORIES","NORTHWEST TERRITORIES","HOME OFFICE",Cust_83
"CHAD CUNNINGHAM","NORTHWEST TERRITORIES","NORTHWEST TERRITORIES","SMALL BUSINESS",Cust_84
"BRYAN MILLS","NORTHWEST TERRITORIES","NORTHWEST TERRITORIES","SMALL BUSINESS",Cust_85
"ADRIAN HANE","NORTHWEST TERRITORIES","NORTHWEST TERRITORIES",CORPORATE,Cust_86
"RICK REED","NORTHWEST TERRITORIES","NORTHWEST TERRITORIES",CONSUMER,Cust_87
"HEATHER KIRKLAND","NORTHWEST TERRITORIES","NORTHWEST TERRITORIES","HOME OFFICE",Cust_88
"FRED WASSERMAN","NORTHWEST TERRITORIES","NORTHWEST TERRITORIES","HOME OFFICE",Cust_89
"CLAUDIA MINER","NORTHWEST TERRITORIES","NORTHWEST TERRITORIES","SMALL BUSINESS",Cust_90
"JACK LEBRON","NORTHWEST TERRITORIES","NORTHWEST TERRITORIES",CORPORATE,Cust_91
"JULIA WEST","NORTHWEST TERRITORIES","NORTHWEST TERRITORIES","HOME OFFICE",Cust_92
"EUGENE BARCHAS","NORTHWEST TERRITORIES","NORTHWEST TERRITORIES",CORPORATE,Cust_93
"CARL LUDWIG","NORTHWEST TERRITORIES","NORTHWEST TERRITORIES",CORPORATE,Cust_94
"JULIA WEST","NORTHWEST TERRITORIES","NORTHWEST TERRITORIES","SMALL BUSINESS",Cust_95
"MIKE PELLETIER","NORTHWEST TERRITORIES","NORTHWEST TERRITORIES",CORPORATE,Cust_96
"CHARLES MCCROSSIN","NORTHWEST TERRITORIES","NORTHWEST TERRITORIES",CORPORATE,Cust_97
"ANNIE CYPRUS","NORTHWEST TERRITORIES","NORTHWEST TERRITORIES","HOME OFFICE",Cust_98
"MICHELLE LONSDALE","NORTHWEST TERRITORIES","NORTHWEST TERRITORIES",CORPORATE,Cust_99
"CHARLOTTE MELTON","NORTHWEST TERRITORIES","NORTHWEST TERRITORIES","HOME OFFICE",Cust_100
"BARRY FRENCH","NORTHWEST TERRITORIES","NORTHWEST TERRITORIES",CONSUMER,Cust_101
"HENRY GOLDWYN","NORTHWEST TERRITORIES","NORTHWEST TERRITORIES","SMALL BUSINESS",Cust_102
"ROY SKARIA","NORTHWEST TERRITORIES","NORTHWEST TERRITORIES",CORPORATE,Cust_103
"JEREMY LONSDALE","NORTHWEST TERRITORIES","NORTHWEST TERRITORIES",CORPORATE,Cust_104
"CARLOS DALY","NORTHWEST TERRITORIES","NORTHWEST TERRITORIES",CORPORATE,Cust_105
"CINDY SCHNELLING","NORTHWEST TERRITORIES","NORTHWEST TERRITORIES",CORPORATE,Cust_106
"SUSAN VITTORINI","NORTHWEST TERRITORIES","NORTHWEST TERRITORIES",CORPORATE,Cust_107
"TOBY BRAUNHARDT","NORTHWEST TERRITORIES","NORTHWEST TERRITORIES",CORPORATE,Cust_108
"JULIA WEST","NORTHWEST TERRITORIES","NORTHWEST TERRITORIES",CONSUMER,Cust_109
"SUSAN VITTORINI","NORTHWEST TERRITORIES","NORTHWEST TERRITORIES","HOME OFFICE",Cust_110
"MIKE PELLETIER","NORTHWEST TERRITORIES","NORTHWEST TERRITORIES","SMALL BUSINESS",Cust_111
"NEOLA SCHNEIDER","NORTHWEST TERRITORIES","NORTHWEST TERRITORIES","HOME OFFICE",Cust_112
"CARI SCHNELLING","NORTHWEST TERRITORIES","NORTHWEST TERRITORIES","SMALL BUSINESS",Cust_113
"ANDREW GJERTSEN","NORTHWEST TERRITORIES","NORTHWEST TERRITORIES",CONSUMER,Cust_114
"RALPH ARNETT","NORTHWEST TERRITORIES","NORTHWEST TERRITORIES",CONSUMER,Cust_115
"BRYAN MILLS","NORTHWEST TERRITORIES","NORTHWEST TERRITORIES",CORPORATE,Cust_116
"GRANT CARROLL","PRINCE EDWARD ISLAND",ATLANTIC,"SMALL BUSINESS",Cust_117
"JULIA WEST","PRINCE EDWARD ISLAND",ATLANTIC,CONSUMER,Cust_118
"MUHAMMED MACINTYRE","PRINCE EDWARD ISLAND",ATLANTIC,"SMALL BUSINESS",Cust_119
"SUSAN VITTORINI","PRINCE EDWARD ISLAND",ATLANTIC,CORPORATE,Cust_120
"SYLVIA FOULSTON","PRINCE EDWARD ISLAND",ATLANTIC,CORPORATE,Cust_121
"DOUG BICKFORD","PRINCE EDWARD ISLAND",ATLANTIC,CORPORATE,Cust_122
"DOROTHY BADDERS","PRINCE EDWARD ISLAND",ATLANTIC,"HOME OFFICE",Cust_123
"HENRY GOLDWYN","PRINCE EDWARD ISLAND",ATLANTIC,"SMALL BUSINESS",Cust_124
"CHAD CUNNINGHAM","PRINCE EDWARD ISLAND",ATLANTIC,"SMALL BUSINESS",Cust_125
"BETH THOMPSON","PRINCE EDWARD ISLAND",ATLANTIC,CORPORATE,Cust_126
"ANDREW GJERTSEN","PRINCE EDWARD ISLAND",ATLANTIC,CONSUMER,Cust_127
"MICHELLE LONSDALE","PRINCE EDWARD ISLAND",ATLANTIC,CORPORATE,Cust_128
"CARI SCHNELLING","PRINCE EDWARD ISLAND",ATLANTIC,"SMALL BUSINESS",Cust_129
"EDWARD HOOKS","PRINCE EDWARD ISLAND",ATLANTIC,CONSUMER,Cust_130
"BRENDAN DODSON","PRINCE EDWARD ISLAND",ATLANTIC,CORPORATE,Cust_131
"HAROLD ENGLE","PRINCE EDWARD ISLAND",ATLANTIC,CONSUMER,Cust_132
"ROY FRENCH","PRINCE EDWARD ISLAND",ATLANTIC,CONSUMER,Cust_133
"HELEN ABELMAN","PRINCE EDWARD ISLAND",ATLANTIC,"HOME OFFICE",Cust_134
"GUY ARMSTRONG","PRINCE EDWARD ISLAND",ATLANTIC,CORPORATE,Cust_135
"JENNIFER BRAXTON","PRINCE EDWARD ISLAND",ATLANTIC,"SMALL BUSINESS",Cust_136
"GIULIETTA BAPTIST","PRINCE EDWARD ISLAND",ATLANTIC,"HOME OFFICE",Cust_137
"JACK LEBRON","PRINCE EDWARD ISLAND",ATLANTIC,CORPORATE,Cust_138
"ERICA BERN","PRINCE EDWARD ISLAND",ATLANTIC,CORPORATE,Cust_139
"CHRISTOPHER SCHILD","PRINCE EDWARD ISLAND",ATLANTIC,CORPORATE,Cust_140
"JOY SMITH","PRINCE EDWARD ISLAND",ATLANTIC,CORPORATE,Cust_141
"EVAN MINNOTTE","PRINCE EDWARD ISLAND",ATLANTIC,CORPORATE,Cust_142
"JENNA CAFFEY","PRINCE EDWARD ISLAND",ATLANTIC,CONSUMER,Cust_143
"HAROLD ENGLE","PRINCE EDWARD ISLAND",ATLANTIC,"HOME OFFICE",Cust_144
"HILARY HOLDEN","PRINCE EDWARD ISLAND",ATLANTIC,CORPORATE,Cust_145
"GREG GUTHRIE","PRINCE EDWARD ISLAND",ATLANTIC,CORPORATE,Cust_146
"JOY SMITH","PRINCE EDWARD ISLAND",ATLANTIC,CONSUMER,Cust_147
"DAN REICHENBACH","PRINCE EDWARD ISLAND",ATLANTIC,CORPORATE,Cust_148
"PAUL GONZALEZ","PRINCE EDWARD ISLAND",ATLANTIC,CORPORATE,Cust_149
"FILIA MCADAMS","PRINCE EDWARD ISLAND",ATLANTIC,"SMALL BUSINESS",Cust_150
"GREG GUTHRIE","PRINCE EDWARD ISLAND",ATLANTIC,"SMALL BUSINESS",Cust_151
"CHUCK MAGEE","PRINCE EDWARD ISLAND",ATLANTIC,CORPORATE,Cust_152
"FRANK ATKINSON","PRINCE EDWARD ISLAND",ATLANTIC,CORPORATE,Cust_153
"CARLOS SOLTERO","PRINCE EDWARD ISLAND",ATLANTIC,CONSUMER,Cust_154
"PHILIP BROWN","PRINCE EDWARD ISLAND",ATLANTIC,"HOME OFFICE",Cust_155
"ERICA BERN","PRINCE EDWARD ISLAND",ATLANTIC,"SMALL BUSINESS",Cust_156
"CARLOS SOLTERO","PRINCE EDWARD ISLAND",ATLANTIC,"SMALL BUSINESS",Cust_157
"JIM SINK","PRINCE EDWARD ISLAND",ATLANTIC,CORPORATE,Cust_158
"PHILIP BROWN","PRINCE EDWARD ISLAND",ATLANTIC,CORPORATE,Cust_159
"LOGAN HAUSHALTER","PRINCE EDWARD ISLAND",ATLANTIC,CORPORATE,Cust_160
"NOAH CHILDS","PRINCE EDWARD ISLAND",ATLANTIC,"HOME OFFICE",Cust_161
"NOAH CHILDS",MANITOBA,PRARIE,"HOME OFFICE",Cust_162
"EVAN MINNOTTE",MANITOBA,PRARIE,CORPORATE,Cust_163
"GUY ARMSTRONG",MANITOBA,PRARIE,CORPORATE,Cust_164
"CHUCK MAGEE",MANITOBA,PRARIE,CORPORATE,Cust_165
"GREG GUTHRIE",MANITOBA,PRARIE,"SMALL BUSINESS",Cust_166
"CARLOS SOLTERO",MANITOBA,PRARIE,"SMALL BUSINESS",Cust_167
"GREG GUTHRIE",MANITOBA,PRARIE,CORPORATE,Cust_168
"CARLOS SOLTERO",MANITOBA,PRARIE,CONSUMER,Cust_169
"CHRISTOPHER SCHILD",MANITOBA,PRARIE,CORPORATE,Cust_170
"JOY SMITH",MANITOBA,PRARIE,CORPORATE,Cust_171
"JOY SMITH",MANITOBA,PRARIE,CONSUMER,Cust_172
"BRIAN MOSS",MANITOBA,PRARIE,CORPORATE,Cust_173
"LOGAN HAUSHALTER",MANITOBA,PRARIE,CORPORATE,Cust_174
"JIM SINK",MANITOBA,PRARIE,CORPORATE,Cust_175
"JENNIFER BRAXTON",MANITOBA,PRARIE,"SMALL BUSINESS",Cust_176
"HAROLD ENGLE",MANITOBA,PRARIE,"HOME OFFICE",Cust_177
"HILARY HOLDEN",MANITOBA,PRARIE,CORPORATE,Cust_178
"ERICA BERN",MANITOBA,PRARIE,CORPORATE,Cust_179
"HAROLD ENGLE",MANITOBA,PRARIE,CONSUMER,Cust_180
"HELEN ABELMAN",MANITOBA,PRARIE,"HOME OFFICE",Cust_181
"JACK LEBRON","BRITISH COLUMBIA",WEST,CORPORATE,Cust_182
"GIULIETTA BAPTIST","BRITISH COLUMBIA",WEST,"HOME OFFICE",Cust_183
"JIM SINK","BRITISH COLUMBIA",WEST,CORPORATE,Cust_184
"JULIE CREIGHTON","BRITISH COLUMBIA",WEST,CORPORATE,Cust_185
"SANJIT CHAND","BRITISH COLUMBIA",WEST,"HOME OFFICE",Cust_186
"MATT COLLINS","BRITISH COLUMBIA",WEST,CONSUMER,Cust_187
"JUSTIN KNIGHT","BRITISH COLUMBIA",WEST,CORPORATE,Cust_188
"ROB HABERLIN","BRITISH COLUMBIA",WEST,CORPORATE,Cust_189
"ROB HABERLIN","BRITISH COLUMBIA",WEST,CONSUMER,Cust_190
"CHRISTINA VANDERZANDEN","BRITISH COLUMBIA",WEST,"SMALL BUSINESS",Cust_191
"LENA CACIOPPO","BRITISH COLUMBIA",WEST,"HOME OFFICE",Cust_192
"KIMBERLY CARTER","BRITISH COLUMBIA",WEST,"HOME OFFICE",Cust_193
"GENE HALE","BRITISH COLUMBIA",WEST,CONSUMER,Cust_194
"SALLY KNUTSON","BRITISH COLUMBIA",WEST,CONSUMER,Cust_195
"MARINA LICHTENSTEIN","BRITISH COLUMBIA",WEST,CORPORATE,Cust_196
"MICHELLE ARNETT","BRITISH COLUMBIA",WEST,"HOME OFFICE",Cust_197
"SETH VERNON","BRITISH COLUMBIA",WEST,"HOME OFFICE",Cust_198
"LUKE WEISS","BRITISH COLUMBIA",WEST,CORPORATE,Cust_199
"ANTHONY JOHNSON","BRITISH COLUMBIA",WEST,"SMALL BUSINESS",Cust_200
"KIMBERLY CARTER","BRITISH COLUMBIA",WEST,"SMALL BUSINESS",Cust_201
"SALLY KNUTSON","BRITISH COLUMBIA",WEST,CORPORATE,Cust_202
"CHRISTINA DEMOSS","BRITISH COLUMBIA",WEST,"HOME OFFICE",Cust_203
"MONICA FEDERLE","BRITISH COLUMBIA",WEST,CORPORATE,Cust_204
"JOY SMITH","BRITISH COLUMBIA",WEST,CONSUMER,Cust_205
"SONIA SUNLEY","BRITISH COLUMBIA",WEST,"SMALL BUSINESS",Cust_206
"ANTHONY O'DONNELL","BRITISH COLUMBIA",WEST,CONSUMER,Cust_207
"EMILY GRADY","BRITISH COLUMBIA",WEST,"HOME OFFICE",Cust_208
"ALEX AVILA","BRITISH COLUMBIA",WEST,"HOME OFFICE",Cust_209
"BRIAN MOSS","BRITISH COLUMBIA",WEST,CORPORATE,Cust_210
"ANNA ANDREADI","BRITISH COLUMBIA",WEST,"SMALL BUSINESS",Cust_211
"BARBARA FISHER","BRITISH COLUMBIA",WEST,"SMALL BUSINESS",Cust_212
"KELLY WILLIAMS","BRITISH COLUMBIA",WEST,CORPORATE,Cust_213
"SONIA SUNLEY","BRITISH COLUMBIA",WEST,CORPORATE,Cust_214
"JOCASTA RUPERT","BRITISH COLUMBIA",WEST,CONSUMER,Cust_215
"RICK DUSTON","BRITISH COLUMBIA",WEST,CORPORATE,Cust_216
"ANGELE HOOD","BRITISH COLUMBIA",WEST,CONSUMER,Cust_217
"DENNIS BOLTON","BRITISH COLUMBIA",WEST,CONSUMER,Cust_218
"STEWART CARMICHAEL","BRITISH COLUMBIA",WEST,CORPORATE,Cust_219
"ALEX AVILA","BRITISH COLUMBIA",WEST,CORPORATE,Cust_220
"SARAH FOSTER","BRITISH COLUMBIA",WEST,CORPORATE,Cust_221
"JIM KARLSSON","BRITISH COLUMBIA",WEST,"SMALL BUSINESS",Cust_222
"LISA DECHERNEY","BRITISH COLUMBIA",WEST,CORPORATE,Cust_223
"ROY SKARIA","BRITISH COLUMBIA",WEST,CORPORATE,Cust_224
"DENNIS BOLTON","BRITISH COLUMBIA",WEST,"SMALL BUSINESS",Cust_225
"PETER BUHLER","BRITISH COLUMBIA",WEST,CONSUMER,Cust_226
"ANTHONY O'DONNELL","BRITISH COLUMBIA",WEST,CORPORATE,Cust_227
"DANIEL LACY","BRITISH COLUMBIA",WEST,"SMALL BUSINESS",Cust_228
"GIULIETTA WEIMER","BRITISH COLUMBIA",WEST,CORPORATE,Cust_229
"MIKE VITTORINI","BRITISH COLUMBIA",WEST,"SMALL BUSINESS",Cust_230
"LELA DONOVAN","BRITISH COLUMBIA",WEST,CORPORATE,Cust_231
"SHAHID SHARIARI","BRITISH COLUMBIA",WEST,CORPORATE,Cust_232
"TRUDY SCHMIDT","BRITISH COLUMBIA",WEST,"SMALL BUSINESS",Cust_233
"CHRISTOPHER MARTINEZ","BRITISH COLUMBIA",WEST,"SMALL BUSINESS",Cust_234
"MARC HARRIGAN","BRITISH COLUMBIA",WEST,"HOME OFFICE",Cust_235
"LIZ PRICE","BRITISH COLUMBIA",WEST,CONSUMER,Cust_236
"RALPH KENNEDY","BRITISH COLUMBIA",WEST,CORPORATE,Cust_237
"ROB DOWD","BRITISH COLUMBIA",WEST,CORPORATE,Cust_238
"KHLOE MILLER","BRITISH COLUMBIA",WEST,"HOME OFFICE",Cust_239
"SHAHID HOPKINS","BRITISH COLUMBIA",WEST,"SMALL BUSINESS",Cust_240
"KRISTINA NUNN","BRITISH COLUMBIA",WEST,CONSUMER,Cust_241
"RICARDO EMERSON","BRITISH COLUMBIA",WEST,CORPORATE,Cust_242
"PATRICK O'BRILL","BRITISH COLUMBIA",WEST,"HOME OFFICE",Cust_243
"THOMAS BRUMLEY","BRITISH COLUMBIA",WEST,CONSUMER,Cust_244
"VICKY FREYMANN","BRITISH COLUMBIA",WEST,"HOME OFFICE",Cust_245
"KHLOE MILLER","BRITISH COLUMBIA",WEST,CORPORATE,Cust_246
"TONY CHAPMAN","BRITISH COLUMBIA",WEST,CONSUMER,Cust_247
"LIZ PRICE","BRITISH COLUMBIA",WEST,CORPORATE,Cust_248
"SARAH BERN","BRITISH COLUMBIA",WEST,CORPORATE,Cust_249
"MARK COUSINS","BRITISH COLUMBIA",WEST,"HOME OFFICE",Cust_250
"MARK COUSINS","BRITISH COLUMBIA",WEST,CORPORATE,Cust_251
"DANIEL BYRD","BRITISH COLUMBIA",WEST,"HOME OFFICE",Cust_252
"JOHN MURRAY","BRITISH COLUMBIA",WEST,"SMALL BUSINESS",Cust_253
"LENA HERNANDEZ","BRITISH COLUMBIA",WEST,"HOME OFFICE",Cust_254
"GREG MAXWELL","BRITISH COLUMBIA",WEST,"HOME OFFICE",Cust_255
"GIULIETTA WEIMER","BRITISH COLUMBIA",WEST,"HOME OFFICE",Cust_256
"JUSTIN HIRSH","BRITISH COLUMBIA",WEST,CONSUMER,Cust_257
"SHAHID SHARIARI","BRITISH COLUMBIA",WEST,CONSUMER,Cust_258
"SALLY KNUTSON","BRITISH COLUMBIA",WEST,"SMALL BUSINESS",Cust_259
"SALLY KNUTSON","BRITISH COLUMBIA",WEST,"HOME OFFICE",Cust_260
"HEATHER JAS","BRITISH COLUMBIA",WEST,CORPORATE,Cust_261
"PHILISSE OVERCASH","BRITISH COLUMBIA",WEST,"SMALL BUSINESS",Cust_262
"NEIL KNUDSON","BRITISH COLUMBIA",WEST,"HOME OFFICE",Cust_263
"CATHY ARMSTRONG","BRITISH COLUMBIA",WEST,CONSUMER,Cust_264
"NEIL KNUDSON","BRITISH COLUMBIA",WEST,CORPORATE,Cust_265
"CHUCK CLARK","BRITISH COLUMBIA",WEST,CORPORATE,Cust_266
"KHLOE MILLER","BRITISH COLUMBIA",WEST,CONSUMER,Cust_267
"BILL EPLETT","BRITISH COLUMBIA",WEST,CORPORATE,Cust_268
"JOHN GRADY","BRITISH COLUMBIA",WEST,CORPORATE,Cust_269
"KHLOE MILLER","NOVA SCOTIA",ATLANTIC,"HOME OFFICE",Cust_270
"TONY CHAPMAN","NOVA SCOTIA",ATLANTIC,CONSUMER,Cust_271
"RALPH KENNEDY","NOVA SCOTIA",ATLANTIC,CORPORATE,Cust_272
"TRUDY SCHMIDT","NOVA SCOTIA",ATLANTIC,"SMALL BUSINESS",Cust_273
"GENE HALE","NOVA SCOTIA",ATLANTIC,CONSUMER,Cust_274
"SARAH BERN","NOVA SCOTIA",ATLANTIC,CORPORATE,Cust_275
"JUSTIN HIRSH","NOVA SCOTIA",ATLANTIC,CONSUMER,Cust_276
"LIZ PRICE","NOVA SCOTIA",ATLANTIC,CONSUMER,Cust_277
"GREG MAXWELL","NOVA SCOTIA",ATLANTIC,"HOME OFFICE",Cust_278
"MARC HARRIGAN","NOVA SCOTIA",ATLANTIC,"HOME OFFICE",Cust_279
"SALLY KNUTSON","NOVA SCOTIA",ATLANTIC,CORPORATE,Cust_280
"GIULIETTA WEIMER","NOVA SCOTIA",ATLANTIC,CORPORATE,Cust_281
"KRISTINA NUNN","NOVA SCOTIA",ATLANTIC,CONSUMER,Cust_282
"CHUCK CLARK","NOVA SCOTIA",ATLANTIC,CORPORATE,Cust_283
"SALLY KNUTSON","NOVA SCOTIA",ATLANTIC,CONSUMER,Cust_284
"TANJA NORVELL","NOVA SCOTIA",ATLANTIC,CONSUMER,Cust_285
"LIZ PRICE","NOVA SCOTIA",ATLANTIC,CORPORATE,Cust_286
"VICKY FREYMANN","NOVA SCOTIA",ATLANTIC,"HOME OFFICE",Cust_287
"PHILISSE OVERCASH","NOVA SCOTIA",ATLANTIC,"SMALL BUSINESS",Cust_288
"PATRICK O'BRILL","NOVA SCOTIA",ATLANTIC,"HOME OFFICE",Cust_289
"CATHY ARMSTRONG","NOVA SCOTIA",ATLANTIC,CONSUMER,Cust_290
"HEATHER JAS","NOVA SCOTIA",ATLANTIC,CORPORATE,Cust_291
"LENA HERNANDEZ","NOVA SCOTIA",ATLANTIC,"HOME OFFICE",Cust_292
"SHAHID SHARIARI","NOVA SCOTIA",ATLANTIC,CONSUMER,Cust_293
"KHLOE MILLER","NOVA SCOTIA",ATLANTIC,CONSUMER,Cust_294
"PAUL MACINTYRE","NOVA SCOTIA",ATLANTIC,CORPORATE,Cust_295
"MIKE VITTORINI","NOVA SCOTIA",ATLANTIC,"SMALL BUSINESS",Cust_296
"JOHN GRADY","NOVA SCOTIA",ATLANTIC,CORPORATE,Cust_297
"RICARDO EMERSON","NOVA SCOTIA",ATLANTIC,CORPORATE,Cust_298
"MATT ABELMAN","NOVA SCOTIA",ATLANTIC,CONSUMER,Cust_299
"SARAH JORDON","NOVA SCOTIA",ATLANTIC,CONSUMER,Cust_300
"SALLY MATTHIAS","NOVA SCOTIA",ATLANTIC,CORPORATE,Cust_301
"SALLY MATTHIAS","NOVA SCOTIA",ATLANTIC,"HOME OFFICE",Cust_302
"THEONE PIPPENGER","NOVA SCOTIA",ATLANTIC,CORPORATE,Cust_303
"ART FERGUSON","NOVA SCOTIA",ATLANTIC,CORPORATE,Cust_304
"JACK O'BRIANT","NOVA SCOTIA",ATLANTIC,"HOME OFFICE",Cust_305
"NATHAN CANO","NOVA SCOTIA",ATLANTIC,CONSUMER,Cust_306
"MICHAEL GRANLUND","NOVA SCOTIA",ATLANTIC,CORPORATE,Cust_307
"STEVE CARROLL","NOVA SCOTIA",ATLANTIC,CONSUMER,Cust_308
"SCOTT WILLIAMSON","NOVA SCOTIA",ATLANTIC,"SMALL BUSINESS",Cust_309
"DENNIS BOLTON","NOVA SCOTIA",ATLANTIC,"SMALL BUSINESS",Cust_310
"SEAN WENDT","NOVA SCOTIA",ATLANTIC,CORPORATE,Cust_311
"JOHN CASTELL","NOVA SCOTIA",ATLANTIC,CONSUMER,Cust_312
"JACK O'BRIANT","NOVA SCOTIA",ATLANTIC,"SMALL BUSINESS",Cust_313
"DAVID PHILIPPE","NOVA SCOTIA",ATLANTIC,CONSUMER,Cust_314
"CHAD SIEVERT","NOVA SCOTIA",ATLANTIC,CORPORATE,Cust_315
"MATT ABELMAN","NOVA SCOTIA",ATLANTIC,"HOME OFFICE",Cust_316
"SHAUN WEIEN","NOVA SCOTIA",ATLANTIC,"HOME OFFICE",Cust_317
"MAYA HERMAN","NOVA SCOTIA",ATLANTIC,CORPORATE,Cust_318
"MICHAEL GRANLUND","NOVA SCOTIA",ATLANTIC,"HOME OFFICE",Cust_319
"JACK O'BRIANT","NOVA SCOTIA",ATLANTIC,CONSUMER,Cust_320
"IVAN LISTON","NOVA SCOTIA",ATLANTIC,CONSUMER,Cust_321
"BRAD NORVELL","NOVA SCOTIA",ATLANTIC,CORPORATE,Cust_322
"KEN HEIDEL","NOVA SCOTIA",ATLANTIC,CORPORATE,Cust_323
"JOHN CASTELL","NOVA SCOTIA",ATLANTIC,"SMALL BUSINESS",Cust_324
"MIKE KENNEDY","NOVA SCOTIA",ATLANTIC,"SMALL BUSINESS",Cust_325
"CHARLES SHELDON","NOVA SCOTIA",ATLANTIC,CORPORATE,Cust_326
"MIKE KENNEDY","NOVA SCOTIA",ATLANTIC,CORPORATE,Cust_327
"MATT ABELMAN","NOVA SCOTIA",ATLANTIC,"SMALL BUSINESS",Cust_328
"BRIAN DERR","NOVA SCOTIA",ATLANTIC,"SMALL BUSINESS",Cust_329
"ROLAND BLACK","NOVA SCOTIA",ATLANTIC,"SMALL BUSINESS",Cust_330
"DANA KAYDOS","NOVA SCOTIA",ATLANTIC,CORPORATE,Cust_331
"DARREN KOUTRAS","NOVA SCOTIA",ATLANTIC,CONSUMER,Cust_332
"NEIL DUCICH","NOVA SCOTIA",ATLANTIC,"HOME OFFICE",Cust_333
"SEAN WENDT","BRITISH COLUMBIA",WEST,CORPORATE,Cust_334
"MIKE KENNEDY","BRITISH COLUMBIA",WEST,CORPORATE,Cust_335
"MATT ABELMAN","BRITISH COLUMBIA",WEST,"HOME OFFICE",Cust_336
"SALLY MATTHIAS","BRITISH COLUMBIA",WEST,"HOME OFFICE",Cust_337
"STEVE CARROLL","BRITISH COLUMBIA",WEST,CONSUMER,Cust_338
"JOHN CASTELL","BRITISH COLUMBIA",WEST,CONSUMER,Cust_339
"NEIL DUCICH","BRITISH COLUMBIA",WEST,"HOME OFFICE",Cust_340
"PARHENA NORRIS","BRITISH COLUMBIA",WEST,"HOME OFFICE",Cust_341
"ROLAND BLACK","BRITISH COLUMBIA",WEST,"SMALL BUSINESS",Cust_342
"KEN HEIDEL","BRITISH COLUMBIA",WEST,CORPORATE,Cust_343
"SARAH JORDON","BRITISH COLUMBIA",WEST,CONSUMER,Cust_344
"JOHN CASTELL","BRITISH COLUMBIA",WEST,"SMALL BUSINESS",Cust_345
"BART WATTERS","BRITISH COLUMBIA",WEST,CORPORATE,Cust_346
"MARY O'ROURKE","BRITISH COLUMBIA",WEST,"HOME OFFICE",Cust_347
"NATHAN CANO","BRITISH COLUMBIA",WEST,CONSUMER,Cust_348
"MATT ABELMAN","BRITISH COLUMBIA",WEST,"SMALL BUSINESS",Cust_349
"MICHAEL GRANLUND","BRITISH COLUMBIA",WEST,"HOME OFFICE",Cust_350
"DANA KAYDOS","BRITISH COLUMBIA",WEST,CORPORATE,Cust_351
"CHAD SIEVERT","BRITISH COLUMBIA",WEST,CORPORATE,Cust_352
"HUNTER LOPEZ","BRITISH COLUMBIA",WEST,CONSUMER,Cust_353
"NATHAN MAUTZ","BRITISH COLUMBIA",WEST,CORPORATE,Cust_354
"SHAUN WEIEN","BRITISH COLUMBIA",WEST,"HOME OFFICE",Cust_355
"NATHAN MAUTZ","BRITISH COLUMBIA",WEST,"HOME OFFICE",Cust_356
"THEONE PIPPENGER","BRITISH COLUMBIA",WEST,CORPORATE,Cust_357
"SCOTT WILLIAMSON","BRITISH COLUMBIA",WEST,"SMALL BUSINESS",Cust_358
"MIKE KENNEDY","BRITISH COLUMBIA",WEST,"SMALL BUSINESS",Cust_359
"MIKE KENNEDY",MANITOBA,PRARIE,CORPORATE,Cust_360
"MARK COUSINS",MANITOBA,PRARIE,CORPORATE,Cust_361
"ROLAND BLACK",MANITOBA,PRARIE,"SMALL BUSINESS",Cust_362
"BART WATTERS",MANITOBA,PRARIE,CORPORATE,Cust_363
"MATT ABELMAN",MANITOBA,PRARIE,CONSUMER,Cust_364
"PARHENA NORRIS",MANITOBA,PRARIE,"HOME OFFICE",Cust_365
"THEONE PIPPENGER",MANITOBA,PRARIE,CORPORATE,Cust_366
"SALLY MATTHIAS",MANITOBA,PRARIE,"HOME OFFICE",Cust_367
"DANA KAYDOS",MANITOBA,PRARIE,CORPORATE,Cust_368
"SEAN WENDT",MANITOBA,PRARIE,CORPORATE,Cust_369
"NATHAN MAUTZ",MANITOBA,PRARIE,CORPORATE,Cust_370
"AARON SMAYLING",MANITOBA,PRARIE,"SMALL BUSINESS",Cust_371
"CHARLES SHELDON",MANITOBA,PRARIE,CORPORATE,Cust_372
"SHAUN WEIEN",MANITOBA,PRARIE,"HOME OFFICE",Cust_373
"MARY O'ROURKE",MANITOBA,PRARIE,"HOME OFFICE",Cust_374
"MARK COUSINS",MANITOBA,PRARIE,"HOME OFFICE",Cust_375
"BRAD NORVELL",MANITOBA,PRARIE,CORPORATE,Cust_376
"CHAD SIEVERT",MANITOBA,PRARIE,CORPORATE,Cust_377
"BRIAN DERR",MANITOBA,PRARIE,"SMALL BUSINESS",Cust_378
"NEIL DUCICH",MANITOBA,PRARIE,"HOME OFFICE",Cust_379
"SARAH JORDON",MANITOBA,PRARIE,CONSUMER,Cust_380
"MIKE KENNEDY",MANITOBA,PRARIE,"SMALL BUSINESS",Cust_381
"MICHAEL GRANLUND",MANITOBA,PRARIE,"HOME OFFICE",Cust_382
"KEN HEIDEL",MANITOBA,PRARIE,CORPORATE,Cust_383
"ART FERGUSON",MANITOBA,PRARIE,CORPORATE,Cust_384
"STEVE CARROLL",MANITOBA,PRARIE,CONSUMER,Cust_385
"NATHAN MAUTZ",MANITOBA,PRARIE,"HOME OFFICE",Cust_386
"MATT ABELMAN",MANITOBA,PRARIE,"HOME OFFICE",Cust_387
"NATHAN CANO",MANITOBA,PRARIE,CONSUMER,Cust_388
"DENNIS BOLTON",MANITOBA,PRARIE,"SMALL BUSINESS",Cust_389
"JOEL JENKINS",MANITOBA,PRARIE,CORPORATE,Cust_390
"MEG O'CONNEL",MANITOBA,PRARIE,CORPORATE,Cust_391
"HALLIE REDMOND",MANITOBA,PRARIE,"HOME OFFICE",Cust_392
"LIZ THOMPSON",MANITOBA,PRARIE,CORPORATE,Cust_393
"ROBERT WALDORF",MANITOBA,PRARIE,"HOME OFFICE",Cust_394
"HELEN ANDREADA",MANITOBA,PRARIE,CORPORATE,Cust_395
"JULIA DUNBAR",MANITOBA,PRARIE,CONSUMER,Cust_396
"CHRISTINE SUNDARESAM",MANITOBA,PRARIE,"SMALL BUSINESS",Cust_397
"BRUCE STEWART",MANITOBA,PRARIE,CORPORATE,Cust_398
"GUY THORNTON",MANITOBA,PRARIE,CORPORATE,Cust_399
"MARY ZEWE",MANITOBA,PRARIE,CORPORATE,Cust_400
"KEN LONSDALE",MANITOBA,PRARIE,CONSUMER,Cust_401
"MARIA BERTELSON",MANITOBA,PRARIE,"HOME OFFICE",Cust_402
"BRIAN THOMPSON",MANITOBA,PRARIE,"HOME OFFICE",Cust_403
"HALLIE REDMOND",MANITOBA,PRARIE,"SMALL BUSINESS",Cust_404
"JASON GROSS",MANITOBA,PRARIE,"SMALL BUSINESS",Cust_405
"KATRINA BAVINGER",MANITOBA,PRARIE,CONSUMER,Cust_406
"MARIA BERTELSON",MANITOBA,PRARIE,CORPORATE,Cust_407
"IVAN GIBSON",MANITOBA,PRARIE,CORPORATE,Cust_408
"DOUG BICKFORD",ONTARIO,ONTARIO,CORPORATE,Cust_409
"LIZ THOMPSON",ONTARIO,ONTARIO,CORPORATE,Cust_410
"MARIA BERTELSON",ONTARIO,ONTARIO,"HOME OFFICE",Cust_411
"GUY THORNTON",ONTARIO,ONTARIO,CORPORATE,Cust_412
"BRUCE STEWART",ONTARIO,ONTARIO,CORPORATE,Cust_413
"BRIAN THOMPSON",ONTARIO,ONTARIO,"HOME OFFICE",Cust_414
"JOSEPH AIRDO",ONTARIO,ONTARIO,CORPORATE,Cust_415
"CHRISTINA VANDERZANDEN",ONTARIO,ONTARIO,"SMALL BUSINESS",Cust_416
"JOSEPH AIRDO",ONTARIO,ONTARIO,CONSUMER,Cust_417
"KEN LONSDALE",ONTARIO,ONTARIO,CONSUMER,Cust_418
"ROBERT WALDORF",ONTARIO,ONTARIO,"HOME OFFICE",Cust_419
"KATRINA BAVINGER",ONTARIO,ONTARIO,CONSUMER,Cust_420
"MEG O'CONNEL",ONTARIO,ONTARIO,"SMALL BUSINESS",Cust_421
"CHRISTINE SUNDARESAM",ONTARIO,ONTARIO,"SMALL BUSINESS",Cust_422
"LYCORIS SAUNDERS",ONTARIO,ONTARIO,"HOME OFFICE",Cust_423
"LYCORIS SAUNDERS",ONTARIO,ONTARIO,CORPORATE,Cust_424
"DOROTHY DICKINSON",ONTARIO,ONTARIO,CORPORATE,Cust_425
"MARY ZEWE",ONTARIO,ONTARIO,CORPORATE,Cust_426
"JANET MOLINARI",ONTARIO,ONTARIO,CORPORATE,Cust_427
"JULIE PRESCOTT",ONTARIO,ONTARIO,"HOME OFFICE",Cust_428
"MARIA BERTELSON",ONTARIO,ONTARIO,CORPORATE,Cust_429
"ANNIE THURMAN",ONTARIO,ONTARIO,"HOME OFFICE",Cust_430
"MEG O'CONNEL",ONTARIO,ONTARIO,CORPORATE,Cust_431
"ROB BEEGHLY",ONTARIO,ONTARIO,CONSUMER,Cust_432
"IVAN GIBSON",ONTARIO,ONTARIO,CORPORATE,Cust_433
"ANNIE THURMAN",ONTARIO,ONTARIO,CONSUMER,Cust_434
"BILL EPLETT",ONTARIO,ONTARIO,CORPORATE,Cust_435
"DOUG O'CONNELL",ONTARIO,ONTARIO,"SMALL BUSINESS",Cust_436
"CRAIG CARROLL",ONTARIO,ONTARIO,CORPORATE,Cust_437
"LIZ MACKENDRICK",ONTARIO,ONTARIO,CORPORATE,Cust_438
"CHRISTINE KARGATIS",ONTARIO,ONTARIO,"SMALL BUSINESS",Cust_439
"BOBBY ODEGARD",ONTARIO,ONTARIO,CORPORATE,Cust_440
"CRAIG CARROLL",ONTARIO,ONTARIO,"SMALL BUSINESS",Cust_441
"RUSSELL APPLEGATE",ONTARIO,ONTARIO,"HOME OFFICE",Cust_442
"BILL DONATELLI",ONTARIO,ONTARIO,"SMALL BUSINESS",Cust_443
"BILL DONATELLI",ONTARIO,ONTARIO,CORPORATE,Cust_444
"DUANE BENOIT",ONTARIO,ONTARIO,"HOME OFFICE",Cust_445
"BOBBY ODEGARD",ONTARIO,ONTARIO,CONSUMER,Cust_446
"RUSSELL APPLEGATE",ONTARIO,ONTARIO,"SMALL BUSINESS",Cust_447
"JOEL JENKINS",ONTARIO,ONTARIO,CORPORATE,Cust_448
"BRAD EASON",ONTARIO,ONTARIO,"SMALL BUSINESS",Cust_449
"JASON GROSS",ONTARIO,ONTARIO,"SMALL BUSINESS",Cust_450
"HAROLD PAWLAN",ONTARIO,ONTARIO,"SMALL BUSINESS",Cust_451
"ADAM BELLAVANCE",ONTARIO,ONTARIO,"SMALL BUSINESS",Cust_452
"CARI SAYRE",ONTARIO,ONTARIO,"HOME OFFICE",Cust_453
"LISA DECHERNEY",ONTARIO,ONTARIO,CORPORATE,Cust_454
"ROY SKARIA",ONTARIO,ONTARIO,CORPORATE,Cust_455
"SEAN O'DONNELL",ONTARIO,ONTARIO,CORPORATE,Cust_456
"SUSAN VITTORINI",ONTARIO,ONTARIO,CORPORATE,Cust_457
"SANDRA GLASSCO",ONTARIO,ONTARIO,"HOME OFFICE",Cust_458
"SKYE NORLING",ONTARIO,ONTARIO,"HOME OFFICE",Cust_459
"SUSAN VITTORINI",ONTARIO,ONTARIO,"HOME OFFICE",Cust_460
"SHIRLEY SCHMIDT",ONTARIO,ONTARIO,CORPORATE,Cust_461
"RICK WILSON",ONTARIO,ONTARIO,CORPORATE,Cust_462
"RICK WILSON",ONTARIO,ONTARIO,CONSUMER,Cust_463
"PAULINE CHAND",ONTARIO,ONTARIO,CORPORATE,Cust_464
"JENNIFER HALLADAY",ONTARIO,ONTARIO,"HOME OFFICE",Cust_465
"RITSA HIGHTOWER",ONTARIO,ONTARIO,CORPORATE,Cust_466
"JONI BLUMSTEIN",ONTARIO,ONTARIO,"HOME OFFICE",Cust_467
"PETE ARMSTRONG",ONTARIO,ONTARIO,CONSUMER,Cust_468
"PAULINE CHAND",ONTARIO,ONTARIO,"SMALL BUSINESS",Cust_469
"ANNA GAYMAN",ONTARIO,ONTARIO,CORPORATE,Cust_470
"JONI BLUMSTEIN",ONTARIO,ONTARIO,CONSUMER,Cust_471
"NAT GILPIN",ONTARIO,ONTARIO,CONSUMER,Cust_472
"ROSE O'BRIAN",ONTARIO,ONTARIO,"HOME OFFICE",Cust_473
"BECKY CASTELL",ONTARIO,ONTARIO,CONSUMER,Cust_474
"DANIEL RAGLIN",ONTARIO,ONTARIO,CORPORATE,Cust_475
"CORINNA MITCHELL",ONTARIO,ONTARIO,CORPORATE,Cust_476
"EVA JACOBS",ONTARIO,ONTARIO,"HOME OFFICE",Cust_477
"JAS O'CARROLL",ONTARIO,ONTARIO,CORPORATE,Cust_478
"JAS O'CARROLL",ONTARIO,ONTARIO,"HOME OFFICE",Cust_479
"PAUL PROST",ONTARIO,ONTARIO,CORPORATE,Cust_480
"PHILIP BROWN",ONTARIO,ONTARIO,"HOME OFFICE",Cust_481
"MICHAEL NGUYEN",ONTARIO,ONTARIO,"SMALL BUSINESS",Cust_482
"PHILIP BROWN",ONTARIO,ONTARIO,CORPORATE,Cust_483
"LISA DECHERNEY",ONTARIO,ONTARIO,CONSUMER,Cust_484
"PAUL MACINTYRE",ONTARIO,ONTARIO,CORPORATE,Cust_485
"TAMARA DAHLEN",ONTARIO,ONTARIO,CORPORATE,Cust_486
"ERIN CREIGHTON",ONTARIO,ONTARIO,CORPORATE,Cust_487
"HENRY MACALLISTER",ONTARIO,ONTARIO,"SMALL BUSINESS",Cust_488
"CANDACE MCMAHON",ONTARIO,ONTARIO,CORPORATE,Cust_489
"TAMARA CHAND",ONTARIO,ONTARIO,CONSUMER,Cust_490
"DUANE HUFFMAN",ONTARIO,ONTARIO,"SMALL BUSINESS",Cust_491
"EDWARD NAZZAL",ONTARIO,ONTARIO,"HOME OFFICE",Cust_492
"KELLY LAMPKIN",ONTARIO,ONTARIO,CORPORATE,Cust_493
"ANTHONY WITT",ONTARIO,ONTARIO,CORPORATE,Cust_494
"TED TREVINO",ONTARIO,ONTARIO,CORPORATE,Cust_495
"ED LUDWIG",ONTARIO,ONTARIO,CONSUMER,Cust_496
"JEREMY ELLISON",ONTARIO,ONTARIO,"SMALL BUSINESS",Cust_497
"ALAN HWANG",ONTARIO,ONTARIO,CORPORATE,Cust_498
"KELLY LAMPKIN",ONTARIO,ONTARIO,"HOME OFFICE",Cust_499
"EILEEN KIEFER",ONTARIO,ONTARIO,CONSUMER,Cust_500
"JAMES LANIER",ONTARIO,ONTARIO,CORPORATE,Cust_501
"EDWARD BECKER",ONTARIO,ONTARIO,CORPORATE,Cust_502
"GARY ZANDUSKY",ONTARIO,ONTARIO,"HOME OFFICE",Cust_503
"ANN BLUME",ONTARIO,ONTARIO,CORPORATE,Cust_504
"ERIN SMITH",ONTARIO,ONTARIO,"HOME OFFICE",Cust_505
"ALLEN GOLDEN",ONTARIO,ONTARIO,CONSUMER,Cust_506
"FRANK CARLISLE",ONTARIO,ONTARIO,"SMALL BUSINESS",Cust_507
"GARY HANSEN",ONTARIO,ONTARIO,CONSUMER,Cust_508
"NANCY LOMONACO",ONTARIO,ONTARIO,"HOME OFFICE",Cust_509
"ANNA HABERLIN",ONTARIO,ONTARIO,CORPORATE,Cust_510
"ERIN ASHBROOK",ONTARIO,ONTARIO,CONSUMER,Cust_511
"DARREN BUDD",ONTARIO,ONTARIO,CONSUMER,Cust_512
"BILL STEWART",ONTARIO,ONTARIO,CORPORATE,Cust_513
"CHRISTINE PHAN",ONTARIO,ONTARIO,"SMALL BUSINESS",Cust_514
"ALAN HWANG",ONTARIO,ONTARIO,"SMALL BUSINESS",Cust_515
"DARREN BUDD",ONTARIO,ONTARIO,CORPORATE,Cust_516
"EUGENE HILDEBRAND",ONTARIO,ONTARIO,"HOME OFFICE",Cust_517
"EDWARD BECKER",ONTARIO,ONTARIO,"HOME OFFICE",Cust_518
"MELANIE PAGE",ONTARIO,ONTARIO,CORPORATE,Cust_519
"JESUS OCAMPO",ONTARIO,ONTARIO,"SMALL BUSINESS",Cust_520
"DARREN POWERS",ONTARIO,ONTARIO,CORPORATE,Cust_521
"PATRICK BZOSTEK",ONTARIO,ONTARIO,CONSUMER,Cust_522
"DARREN BUDD",ONTARIO,ONTARIO,"HOME OFFICE",Cust_523
"GRACE KELLY",ONTARIO,ONTARIO,CONSUMER,Cust_524
"DAN LAWERA",ONTARIO,ONTARIO,CORPORATE,Cust_525
"GEORGE ASHBROOK",ONTARIO,ONTARIO,"SMALL BUSINESS",Cust_526
"DAVE HALLSTEN",ONTARIO,ONTARIO,"HOME OFFICE",Cust_527
"ARTHUR WIEDIGER",ONTARIO,ONTARIO,CORPORATE,Cust_528
"DUANE HUFFMAN",ONTARIO,ONTARIO,CONSUMER,Cust_529
"JIM MITCHUM",ONTARIO,ONTARIO,CONSUMER,Cust_530
"ANDY YOTOV",ONTARIO,ONTARIO,CORPORATE,Cust_531
"FRANK HAWLEY",ONTARIO,ONTARIO,"HOME OFFICE",Cust_532
"THERESA COYNE",ONTARIO,ONTARIO,"HOME OFFICE",Cust_533
"IVAN LISTON",ONTARIO,ONTARIO,CONSUMER,Cust_534
"DAVID SMITH",ONTARIO,ONTARIO,"SMALL BUSINESS",Cust_535
"NARESJ PATEL",ONTARIO,ONTARIO,"SMALL BUSINESS",Cust_536
"RUBEN AUSMAN",ONTARIO,ONTARIO,CORPORATE,Cust_537
"ROY FRENCH",ONTARIO,ONTARIO,CONSUMER,Cust_538
"LARRY HUGHES",ONTARIO,ONTARIO,"HOME OFFICE",Cust_539
"MAGDELENE MORSE",ONTARIO,ONTARIO,"HOME OFFICE",Cust_540
"GEORGE ASHBROOK",ONTARIO,ONTARIO,CONSUMER,Cust_541
"JONATHAN HOWELL",ONTARIO,ONTARIO,CONSUMER,Cust_542
"LINDA CAZAMIAS",ONTARIO,ONTARIO,CORPORATE,Cust_543
"NAT CARROLL",ONTARIO,ONTARIO,"HOME OFFICE",Cust_544
"GARY MITCHUM",ONTARIO,ONTARIO,CONSUMER,Cust_545
"MATT HAGELSTEIN",ONTARIO,ONTARIO,"HOME OFFICE",Cust_546
"ANDY REITER",ONTARIO,ONTARIO,CORPORATE,Cust_547
"MIKE CAUDLE",ONTARIO,ONTARIO,CORPORATE,Cust_548
"CYNTHIA ARNTZEN",ONTARIO,ONTARIO,"HOME OFFICE",Cust_549
"EDWARD NAZZAL",ONTARIO,ONTARIO,"SMALL BUSINESS",Cust_550
"CYNTHIA ARNTZEN",ONTARIO,ONTARIO,"SMALL BUSINESS",Cust_551
"NOAH CHILDS",ONTARIO,ONTARIO,"HOME OFFICE",Cust_552
"BRIAN STUGART",ONTARIO,ONTARIO,CONSUMER,Cust_553
"GEORGE BELL",ONTARIO,ONTARIO,CORPORATE,Cust_554
"NARESJ PATEL",ONTARIO,ONTARIO,CORPORATE,Cust_555
"JONI SUNDARESAM",ONTARIO,ONTARIO,"HOME OFFICE",Cust_556
"DAVE HALLSTEN",ONTARIO,ONTARIO,CORPORATE,Cust_557
"MICHELLE HUTHWAITE",ONTARIO,ONTARIO,"HOME OFFICE",Cust_558
"DAVID PHILIPPE",ONTARIO,ONTARIO,CONSUMER,Cust_559
"AMY COX",ONTARIO,ONTARIO,CORPORATE,Cust_560
"CARI MACINTYRE",ONTARIO,ONTARIO,CORPORATE,Cust_561
"EUDOKIA MARTIN",ONTARIO,ONTARIO,"HOME OFFICE",Cust_562
"FRED HOPKINS",ONTARIO,ONTARIO,"HOME OFFICE",Cust_563
"AMY COX",ONTARIO,ONTARIO,"SMALL BUSINESS",Cust_564
"AIMEE BIXBY",ONTARIO,ONTARIO,"HOME OFFICE",Cust_565
"ANEMONE RATNER",ONTARIO,ONTARIO,"SMALL BUSINESS",Cust_566
"CHRIS SELESNICK",ONTARIO,ONTARIO,"HOME OFFICE",Cust_567
"NOEL STAAVOS",ONTARIO,ONTARIO,"HOME OFFICE",Cust_568
"DEAN BRADEN",ONTARIO,ONTARIO,CORPORATE,Cust_569
"LENA CREIGHTON",ONTARIO,ONTARIO,CORPORATE,Cust_570
"MATT COLLISTER",ONTARIO,ONTARIO,"HOME OFFICE",Cust_571
"LENA CREIGHTON",ONTARIO,ONTARIO,"HOME OFFICE",Cust_572
"ERICA SMITH",ONTARIO,ONTARIO,"SMALL BUSINESS",Cust_573
"JANET MARTIN",ONTARIO,ONTARIO,CORPORATE,Cust_574
"ANDREW ROBERTS",ONTARIO,ONTARIO,"SMALL BUSINESS",Cust_575
"MICHAEL DOMINGUEZ",ONTARIO,ONTARIO,"HOME OFFICE",Cust_576
"THOMAS BOLAND",ONTARIO,ONTARIO,CORPORATE,Cust_577
"OLVERA TOCH",ONTARIO,ONTARIO,"HOME OFFICE",Cust_578
"LENA RADFORD",ONTARIO,ONTARIO,"SMALL BUSINESS",Cust_579
"SEAN CHRISTENSEN",ONTARIO,ONTARIO,"HOME OFFICE",Cust_580
"TODD BOYES",ONTARIO,ONTARIO,CONSUMER,Cust_581
"TODD BOYES",ONTARIO,ONTARIO,"SMALL BUSINESS",Cust_582
"SEAN MILLER",ONTARIO,ONTARIO,"SMALL BUSINESS",Cust_583
"PHILLIP BREYER",ONTARIO,ONTARIO,CORPORATE,Cust_584
"MICHELLE ELLISON",ONTARIO,ONTARIO,"SMALL BUSINESS",Cust_585
"MICHELLE ELLISON",ONTARIO,ONTARIO,CONSUMER,Cust_586
"SCOT CORAM",ONTARIO,ONTARIO,CORPORATE,Cust_587
"NATALIE FRITZLER",ONTARIO,ONTARIO,"HOME OFFICE",Cust_588
"NATHAN GELDER",ONTARIO,ONTARIO,"HOME OFFICE",Cust_589
"PATRICIA HIRASAKI",ONTARIO,ONTARIO,"HOME OFFICE",Cust_590
"MARIA ZETTNER",ONTARIO,ONTARIO,CORPORATE,Cust_591
"MATTHEW CLASEN",ONTARIO,ONTARIO,CONSUMER,Cust_592
"PATRICK O'DONNELL",ONTARIO,ONTARIO,"HOME OFFICE",Cust_593
"HARRY MARIE",ONTARIO,ONTARIO,CONSUMER,Cust_594
"VICTORIA WILSON",ONTARIO,ONTARIO,"HOME OFFICE",Cust_595
"SHAHID COLLISTER",ONTARIO,ONTARIO,"HOME OFFICE",Cust_596
"KATRINA BAVINGER",ONTARIO,ONTARIO,"HOME OFFICE",Cust_597
"MICHELLE ELLISON",ONTARIO,ONTARIO,"HOME OFFICE",Cust_598
"THEA HENDRICKS",NEWFOUNDLAND,ATLANTIC,"HOME OFFICE",Cust_599
"COREY CATLETT",NEWFOUNDLAND,ATLANTIC,"HOME OFFICE",Cust_600
"ED JACOBS",NEWFOUNDLAND,ATLANTIC,"SMALL BUSINESS",Cust_601
"NOEL STAAVOS",NEWFOUNDLAND,ATLANTIC,"HOME OFFICE",Cust_602
"KEITH HERRERA",NEWFOUNDLAND,ATLANTIC,"SMALL BUSINESS",Cust_603
"CARLOS MEADOR",NEWFOUNDLAND,ATLANTIC,CORPORATE,Cust_604
"CORINNA MITCHELL",NEWFOUNDLAND,ATLANTIC,CORPORATE,Cust_605
"RAYMOND FAIR",NEWFOUNDLAND,ATLANTIC,"SMALL BUSINESS",Cust_606
"KARL BROWN",NEWFOUNDLAND,ATLANTIC,"HOME OFFICE",Cust_607
"NATALIE WEBBER",NEWFOUNDLAND,ATLANTIC,CONSUMER,Cust_608
"ERIC BARRETO",NEWFOUNDLAND,ATLANTIC,CONSUMER,Cust_609
"HUNTER LOPEZ",NEWFOUNDLAND,ATLANTIC,CONSUMER,Cust_610
"BARRY FRANZ",NEWFOUNDLAND,ATLANTIC,CORPORATE,Cust_611
"CRAIG YEDWAB",NEWFOUNDLAND,ATLANTIC,CORPORATE,Cust_612
"ERIC BARRETO",NEWFOUNDLAND,ATLANTIC,"SMALL BUSINESS",Cust_613
"CHUCK SACHS",NEWFOUNDLAND,ATLANTIC,CONSUMER,Cust_614
"MUHAMMED LEE",NEWFOUNDLAND,ATLANTIC,CONSUMER,Cust_615
"KARL BROWN",NEWFOUNDLAND,ATLANTIC,CORPORATE,Cust_616
"BOBBY TRAFTON",NEWFOUNDLAND,ATLANTIC,"SMALL BUSINESS",Cust_617
"DAVID FLASHING",NEWFOUNDLAND,ATLANTIC,"HOME OFFICE",Cust_618
"RICK DUSTON",NEWFOUNDLAND,ATLANTIC,CORPORATE,Cust_619
"TROY STAEBEL",NEWFOUNDLAND,ATLANTIC,"SMALL BUSINESS",Cust_620
"NORA PAIGE",NEWFOUNDLAND,ATLANTIC,"SMALL BUSINESS",Cust_621
"AMY COX",NEWFOUNDLAND,ATLANTIC,"SMALL BUSINESS",Cust_622
"HAROLD DAHLEN",NEWFOUNDLAND,ATLANTIC,CORPORATE,Cust_623
"JAY FINE",NEWFOUNDLAND,ATLANTIC,CONSUMER,Cust_624
"DAN CAMPBELL",NEWFOUNDLAND,ATLANTIC,CORPORATE,Cust_625
"GEORGE ZREBASSA",NEWFOUNDLAND,ATLANTIC,"HOME OFFICE",Cust_626
"ELENI MCCRARY",NEWFOUNDLAND,ATLANTIC,CORPORATE,Cust_627
"FRANK ATKINSON",NEWFOUNDLAND,ATLANTIC,CORPORATE,Cust_628
"ASTREA JONES",NEWFOUNDLAND,ATLANTIC,CORPORATE,Cust_629
"GIULIETTA DORTCH",NEWFOUNDLAND,ATLANTIC,CONSUMER,Cust_630
"CATHY HWANG",NEWFOUNDLAND,ATLANTIC,"HOME OFFICE",Cust_631
"DAMALA KOTSONIS",NEWFOUNDLAND,ATLANTIC,CORPORATE,Cust_632
"DIANNA ARNETT",NEWFOUNDLAND,ATLANTIC,"HOME OFFICE",Cust_633
"FRED MCMATH",NEWFOUNDLAND,ATLANTIC,"SMALL BUSINESS",Cust_634
"CHRISTY BRITTAIN",NEWFOUNDLAND,ATLANTIC,CONSUMER,Cust_635
"TOM PRESCOTT",NEWFOUNDLAND,ATLANTIC,"SMALL BUSINESS",Cust_636
"YANA SORENSEN",NEWFOUNDLAND,ATLANTIC,CORPORATE,Cust_637
"HAROLD DAHLEN",NEWFOUNDLAND,ATLANTIC,CONSUMER,Cust_638
"BRAD THOMAS",NEWFOUNDLAND,ATLANTIC,CORPORATE,Cust_639
"CYNTHIA VOLTZ",NEWFOUNDLAND,ATLANTIC,CORPORATE,Cust_640
"DEAN PERCER",NEWFOUNDLAND,ATLANTIC,CONSUMER,Cust_641
"BEN PETERMAN",NEWFOUNDLAND,ATLANTIC,CORPORATE,Cust_642
"TRACY PODDAR",NEWFOUNDLAND,ATLANTIC,CORPORATE,Cust_643
"MICHAEL PAIGE",NEWFOUNDLAND,ATLANTIC,"SMALL BUSINESS",Cust_644
"COREY ROPER",NEWFOUNDLAND,ATLANTIC,"SMALL BUSINESS",Cust_645
"MAUREEN GASTINEAU",NEWFOUNDLAND,ATLANTIC,CONSUMER,Cust_646
"MUHAMMED YEDWAB",NEWFOUNDLAND,ATLANTIC,CONSUMER,Cust_647
"ALEX GRAYSON",NEWFOUNDLAND,ATLANTIC,CONSUMER,Cust_648
"CHRIS CORTES",NEWFOUNDLAND,ATLANTIC,CONSUMER,Cust_649
"DAN CAMPBELL",NEWFOUNDLAND,ATLANTIC,"SMALL BUSINESS",Cust_650
"SARA LUXEMBURG",NEWFOUNDLAND,ATLANTIC,"SMALL BUSINESS",Cust_651
"ERIC MURDOCK",NEWFOUNDLAND,ATLANTIC,"HOME OFFICE",Cust_652
"PAUL KNUTSON",NEWFOUNDLAND,ATLANTIC,CORPORATE,Cust_653
"JANET MARTIN",NEWFOUNDLAND,ATLANTIC,CORPORATE,Cust_654
"NICOLE BRENNAN",NEWFOUNDLAND,ATLANTIC,CONSUMER,Cust_655
"JENNIFER PATT",NEWFOUNDLAND,ATLANTIC,"HOME OFFICE",Cust_656
"ELPIDA RITTENBACH","NOVA SCOTIA",ATLANTIC,CONSUMER,Cust_657
"DAVID WIENER","NOVA SCOTIA",ATLANTIC,CONSUMER,Cust_658
"PETER MCVEE","NOVA SCOTIA",ATLANTIC,"SMALL BUSINESS",Cust_659
"KAREN CARLISLE","NOVA SCOTIA",ATLANTIC,"HOME OFFICE",Cust_660
"STEFANIA PERRINO","NOVA SCOTIA",ATLANTIC,CORPORATE,Cust_661
"JAY FINE","NOVA SCOTIA",ATLANTIC,CONSUMER,Cust_662
"PAUL LUCAS","NOVA SCOTIA",ATLANTIC,CORPORATE,Cust_663
"GEORGE ZREBASSA","NOVA SCOTIA",ATLANTIC,"SMALL BUSINESS",Cust_664
"GEORGE ZREBASSA","NOVA SCOTIA",ATLANTIC,"HOME OFFICE",Cust_665
"KARL BROWN","NOVA SCOTIA",ATLANTIC,CORPORATE,Cust_666
"EVAN HENRY","NOVA SCOTIA",ATLANTIC,CORPORATE,Cust_667
"KEITH HERRERA","NOVA SCOTIA",ATLANTIC,"SMALL BUSINESS",Cust_668
"ALYSSA TATE","NOVA SCOTIA",ATLANTIC,"SMALL BUSINESS",Cust_669
"MICHAEL STEWART","NOVA SCOTIA",ATLANTIC,"SMALL BUSINESS",Cust_670
"SHIRLEY JACKSON","NOVA SCOTIA",ATLANTIC,CORPORATE,Cust_671
"BARRY WEIRICH","NOVA SCOTIA",ATLANTIC,CORPORATE,Cust_672
"NATALIE WEBBER","NOVA SCOTIA",ATLANTIC,CORPORATE,Cust_673
"DAMALA KOTSONIS","NOVA SCOTIA",ATLANTIC,CORPORATE,Cust_674
"KAREN CARLISLE","NOVA SCOTIA",ATLANTIC,CORPORATE,Cust_675
"NATALIE WEBBER","NOVA SCOTIA",ATLANTIC,CONSUMER,Cust_676
"KATHERINE MURRAY","NOVA SCOTIA",ATLANTIC,"HOME OFFICE",Cust_677
"HUNTER LOPEZ","NOVA SCOTIA",ATLANTIC,CONSUMER,Cust_678
"ERIC BARRETO","NOVA SCOTIA",ATLANTIC,"SMALL BUSINESS",Cust_679
"BARRY FRANZ","NOVA SCOTIA",ATLANTIC,CORPORATE,Cust_680
"FRED MCMATH","NOVA SCOTIA",ATLANTIC,"SMALL BUSINESS",Cust_681
"BERENIKE KAMPE","NOVA SCOTIA",ATLANTIC,CORPORATE,Cust_682
"DEAN PERCER","NOVA SCOTIA",ATLANTIC,"HOME OFFICE",Cust_683
"MUHAMMED LEE","NOVA SCOTIA",ATLANTIC,CONSUMER,Cust_684
"NOEL STAAVOS","NOVA SCOTIA",ATLANTIC,"HOME OFFICE",Cust_685
"BOBBY TRAFTON","NOVA SCOTIA",ATLANTIC,"SMALL BUSINESS",Cust_686
"RICK DUSTON","NOVA SCOTIA",ATLANTIC,CORPORATE,Cust_687
"KARL BROWN","NOVA SCOTIA",ATLANTIC,"HOME OFFICE",Cust_688
"ERICA HERNANDEZ","NOVA SCOTIA",ATLANTIC,"SMALL BUSINESS",Cust_689
"TONY MOLINARI","NOVA SCOTIA",ATLANTIC,CORPORATE,Cust_690
"ELIZABETH MOFFITT","NOVA SCOTIA",ATLANTIC,CONSUMER,Cust_691
"HAROLD DAHLEN","NOVA SCOTIA",ATLANTIC,CORPORATE,Cust_692
"DAVID FLASHING","NOVA SCOTIA",ATLANTIC,"HOME OFFICE",Cust_693
"DAVID FLASHING","NOVA SCOTIA",ATLANTIC,CONSUMER,Cust_694
"DEANRA ENO","NOVA SCOTIA",ATLANTIC,CORPORATE,Cust_695
"CHUCK SACHS","NOVA SCOTIA",ATLANTIC,CONSUMER,Cust_696
"CHRIS CORTES","NOVA SCOTIA",ATLANTIC,CONSUMER,Cust_697
"RAYMOND FAIR","NOVA SCOTIA",ATLANTIC,"SMALL BUSINESS",Cust_698
"BOBBY TRAFTON","NOVA SCOTIA",ATLANTIC,CORPORATE,Cust_699
"MARK PACKER","NOVA SCOTIA",ATLANTIC,"SMALL BUSINESS",Cust_700
"ANN BLUME","NOVA SCOTIA",ATLANTIC,"SMALL BUSINESS",Cust_701
"ALAN SHONELY","NOVA SCOTIA",ATLANTIC,"SMALL BUSINESS",Cust_702
"NORA PAIGE","NOVA SCOTIA",ATLANTIC,"SMALL BUSINESS",Cust_703
"FRANK ATKINSON","NOVA SCOTIA",ATLANTIC,CORPORATE,Cust_704
"KATRINA WILLMAN","NOVA SCOTIA",ATLANTIC,CONSUMER,Cust_705
"JANET MARTIN","NOVA SCOTIA",ATLANTIC,CORPORATE,Cust_706
"ANTHONY GARVERICK","NOVA SCOTIA",ATLANTIC,"SMALL BUSINESS",Cust_707
"AARON HAWKINS","NOVA SCOTIA",ATLANTIC,"HOME OFFICE",Cust_708
"GIULIETTA DORTCH","NOVA SCOTIA",ATLANTIC,CONSUMER,Cust_709
"CARLOS MEADOR","NOVA SCOTIA",ATLANTIC,CORPORATE,Cust_710
"DAVE POIRIER","NOVA SCOTIA",ATLANTIC,"SMALL BUSINESS",Cust_711
"CHRISTY BRITTAIN","NOVA SCOTIA",ATLANTIC,CONSUMER,Cust_712
"TROY STAEBEL","NOVA SCOTIA",ATLANTIC,"SMALL BUSINESS",Cust_713
"BRADLEY DRUCKER","NOVA SCOTIA",ATLANTIC,"SMALL BUSINESS",Cust_714
"MARK HABERLIN","NOVA SCOTIA",ATLANTIC,"SMALL BUSINESS",Cust_715
"BRAD THOMAS","NOVA SCOTIA",ATLANTIC,"HOME OFFICE",Cust_716
"BRAD THOMAS","NOVA SCOTIA",ATLANTIC,CORPORATE,Cust_717
"ELENI MCCRARY","NOVA SCOTIA",ATLANTIC,CORPORATE,Cust_718
"BRENDAN MURRY","NOVA SCOTIA",ATLANTIC,CORPORATE,Cust_719
"PAUL KNUTSON","NOVA SCOTIA",ATLANTIC,CORPORATE,Cust_720
"EMILY BURNS","NOVA SCOTIA",ATLANTIC,"HOME OFFICE",Cust_721
"MAUREEN GASTINEAU","NOVA SCOTIA",ATLANTIC,CONSUMER,Cust_722
"ALEX GRAYSON","NOVA SCOTIA",ATLANTIC,CONSUMER,Cust_723
"MICHAEL OAKMAN","NOVA SCOTIA",ATLANTIC,"SMALL BUSINESS",Cust_724
"DEBORAH BRUMFIELD","NOVA SCOTIA",ATLANTIC,"SMALL BUSINESS",Cust_725
"DIANNA ARNETT","NOVA SCOTIA",ATLANTIC,"HOME OFFICE",Cust_726
"AMY COX","NOVA SCOTIA",ATLANTIC,"SMALL BUSINESS",Cust_727
"SARA LUXEMBURG","NOVA SCOTIA",ATLANTIC,"SMALL BUSINESS",Cust_728
"ROBERT BARROSO","NOVA SCOTIA",ATLANTIC,"SMALL BUSINESS",Cust_729
"DARRIN SAYRE","NOVA SCOTIA",ATLANTIC,CONSUMER,Cust_730
"DEBORAH BRUMFIELD","NOVA SCOTIA",ATLANTIC,CORPORATE,Cust_731
"ELENI MCCRARY","NOVA SCOTIA",ATLANTIC,"HOME OFFICE",Cust_732
"MICHAEL KENNEDY","NOVA SCOTIA",ATLANTIC,CORPORATE,Cust_733
"MARC CRIER","NOVA SCOTIA",ATLANTIC,CORPORATE,Cust_734
"BOBBY ELIAS","NOVA SCOTIA",ATLANTIC,"SMALL BUSINESS",Cust_735
"JONI WASSERMAN","NOVA SCOTIA",ATLANTIC,CONSUMER,Cust_736
"KAREN FERGUSON","NOVA SCOTIA",ATLANTIC,"HOME OFFICE",Cust_737
"NICOLE BRENNAN","NOVA SCOTIA",ATLANTIC,CONSUMER,Cust_738
"GIULIETTA DORTCH","NOVA SCOTIA",ATLANTIC,CORPORATE,Cust_739
"BRADLEY TALBOTT","NOVA SCOTIA",ATLANTIC,"SMALL BUSINESS",Cust_740
"BRADLEY TALBOTT","NOVA SCOTIA",ATLANTIC,CORPORATE,Cust_741
"BRIAN STUGART","NOVA SCOTIA",ATLANTIC,CORPORATE,Cust_742
"JULIA BARNETT","NOVA SCOTIA",ATLANTIC,CORPORATE,Cust_743
"EMILY PHAN","NOVA SCOTIA",ATLANTIC,CONSUMER,Cust_744
"LIZ WILLINGHAM","NOVA SCOTIA",ATLANTIC,"HOME OFFICE",Cust_745
"CRAIG YEDWAB","NOVA SCOTIA",ATLANTIC,CORPORATE,Cust_746
"ANDY REITER","NOVA SCOTIA",ATLANTIC,CORPORATE,Cust_747
"BEN PETERMAN","NOVA SCOTIA",ATLANTIC,CORPORATE,Cust_748
"DENISE LEINENBACH","NOVA SCOTIA",ATLANTIC,"HOME OFFICE",Cust_749
"BILL TYLER","NOVA SCOTIA",ATLANTIC,CONSUMER,Cust_750
"DENISE LEINENBACH","NOVA SCOTIA",ATLANTIC,CORPORATE,Cust_751
"DEBRA CATINI","NOVA SCOTIA",ATLANTIC,"SMALL BUSINESS",Cust_752
"ANN BLUME","NOVA SCOTIA",ATLANTIC,CORPORATE,Cust_753
"BECKY MARTIN","NOVA SCOTIA",ATLANTIC,"HOME OFFICE",Cust_754
"ERIC BARRETO","NOVA SCOTIA",ATLANTIC,CONSUMER,Cust_755
"ASTREA JONES","NOVA SCOTIA",ATLANTIC,CORPORATE,Cust_756
"COREY CATLETT","NOVA SCOTIA",ATLANTIC,"HOME OFFICE",Cust_757
"BENJAMIN VENIER","NOVA SCOTIA",ATLANTIC,"SMALL BUSINESS",Cust_758
"NORA PAIGE","NOVA SCOTIA",ATLANTIC,CONSUMER,Cust_759
"TRACY PODDAR","NOVA SCOTIA",ATLANTIC,CORPORATE,Cust_760
"BILL SHONELY","NOVA SCOTIA",ATLANTIC,"SMALL BUSINESS",Cust_761
"CRAIG YEDWAB","NOVA SCOTIA",ATLANTIC,CONSUMER,Cust_762
"PIERRE WENER","NOVA SCOTIA",ATLANTIC,"HOME OFFICE",Cust_763
"DAN CAMPBELL","NOVA SCOTIA",ATLANTIC,CORPORATE,Cust_764
"MICHAEL PAIGE","NOVA SCOTIA",ATLANTIC,"SMALL BUSINESS",Cust_765
"CATHY HWANG","NOVA SCOTIA",ATLANTIC,"HOME OFFICE",Cust_766
"SYLVIA FOULSTON","NOVA SCOTIA",ATLANTIC,CORPORATE,Cust_767
"DAN CAMPBELL","NOVA SCOTIA",ATLANTIC,"SMALL BUSINESS",Cust_768
"JULIE KRIZ","NOVA SCOTIA",ATLANTIC,CORPORATE,Cust_769
"SYLVIA FOULSTON","NOVA SCOTIA",ATLANTIC,CONSUMER,Cust_770
"MUHAMMED YEDWAB","NOVA SCOTIA",ATLANTIC,CONSUMER,Cust_771
"JENNIFER PATT","NOVA SCOTIA",ATLANTIC,"HOME OFFICE",Cust_772
"DAVID KENDRICK","NOVA SCOTIA",ATLANTIC,"HOME OFFICE",Cust_773
"DOUG JACOBS","NOVA SCOTIA",ATLANTIC,"HOME OFFICE",Cust_774
"LUKE FOSTER","NOVA SCOTIA",ATLANTIC,CORPORATE,Cust_775
"BRIAN STUGART","NOVA SCOTIA",ATLANTIC,CONSUMER,Cust_776
"SARA LUXEMBURG","NOVA SCOTIA",ATLANTIC,CORPORATE,Cust_777
"DIANNA WILSON","NOVA SCOTIA",ATLANTIC,"SMALL BUSINESS",Cust_778
"DAVID SMITH","NOVA SCOTIA",ATLANTIC,"SMALL BUSINESS",Cust_779
"MICHELLE TRAN",QUEBEC,QUEBEC,CONSUMER,Cust_780
"DAVE HALLSTEN",QUEBEC,QUEBEC,CORPORATE,Cust_781
"SANJIT JACOBS",QUEBEC,QUEBEC,CONSUMER,Cust_782
"BARRY GONZALEZ",QUEBEC,QUEBEC,CONSUMER,Cust_783
"VIVIAN MATHIS",QUEBEC,QUEBEC,CORPORATE,Cust_784
"VIVIAN MATHIS",QUEBEC,QUEBEC,"HOME OFFICE",Cust_785
"CAROL ADAMS",QUEBEC,QUEBEC,CORPORATE,Cust_786
"VIVEK GONZALEZ",QUEBEC,QUEBEC,CONSUMER,Cust_787
"BRADLEY NGUYEN",QUEBEC,QUEBEC,CONSUMER,Cust_788
"MATT COLLISTER",QUEBEC,QUEBEC,"HOME OFFICE",Cust_789
"VIVIAN MATHIS",QUEBEC,QUEBEC,CONSUMER,Cust_790
"MICHELLE TRAN",QUEBEC,QUEBEC,CORPORATE,Cust_791
"PETE TAKAHITO",QUEBEC,QUEBEC,CORPORATE,Cust_792
"RALPH ARNETT",QUEBEC,QUEBEC,CONSUMER,Cust_793
"JASON KLAMCZYNSKI",QUEBEC,QUEBEC,"SMALL BUSINESS",Cust_794
"MICHELLE TRAN",QUEBEC,QUEBEC,"HOME OFFICE",Cust_795
"GREG TRAN",QUEBEC,QUEBEC,"HOME OFFICE",Cust_796
"GENE MCCLURE",QUEBEC,QUEBEC,"HOME OFFICE",Cust_797
"HELEN WASSERMAN",QUEBEC,QUEBEC,"HOME OFFICE",Cust_798
"HELEN WASSERMAN",QUEBEC,QUEBEC,CORPORATE,Cust_799
"ROSS DEVINCENTIS",QUEBEC,QUEBEC,CORPORATE,Cust_800
"JASON KLAMCZYNSKI",QUEBEC,QUEBEC,"HOME OFFICE",Cust_801
"VALERIE MITCHUM",QUEBEC,QUEBEC,"HOME OFFICE",Cust_802
"DAVE HALLSTEN",QUEBEC,QUEBEC,"HOME OFFICE",Cust_803
"BRADLEY NGUYEN",QUEBEC,QUEBEC,CORPORATE,Cust_804
"BARRY GONZALEZ",QUEBEC,QUEBEC,"SMALL BUSINESS",Cust_805
"BART PISTOLE",QUEBEC,QUEBEC,CONSUMER,Cust_806
"CHAD MCGUIRE",QUEBEC,QUEBEC,"SMALL BUSINESS",Cust_807
"SCOTT COHEN",QUEBEC,QUEBEC,CONSUMER,Cust_808
"GENE MCCLURE",QUEBEC,QUEBEC,CONSUMER,Cust_809
"VIVEK SUNDARESAM",QUEBEC,QUEBEC,"HOME OFFICE",Cust_810
"NATALIE DECHERNEY",QUEBEC,QUEBEC,CONSUMER,Cust_811
"MICHELLE HUTHWAITE",QUEBEC,QUEBEC,"HOME OFFICE",Cust_812
"CYNTHIA DELANEY",QUEBEC,QUEBEC,CORPORATE,Cust_813
"TOM STIVERS",QUEBEC,QUEBEC,CORPORATE,Cust_814
"RICK REED",QUEBEC,QUEBEC,CONSUMER,Cust_815
"GARY MCGARR",QUEBEC,QUEBEC,"HOME OFFICE",Cust_816
"CYNTHIA DELANEY",QUEBEC,QUEBEC,"HOME OFFICE",Cust_817
"TOM STIVERS",QUEBEC,QUEBEC,"SMALL BUSINESS",Cust_818
"BART PISTOLE",QUEBEC,QUEBEC,"HOME OFFICE",Cust_819
"DARREN BUDD",QUEBEC,QUEBEC,CORPORATE,Cust_820
"LIZ WILLINGHAM",QUEBEC,QUEBEC,"HOME OFFICE",Cust_821
"STEFANIA PERRINO",QUEBEC,QUEBEC,CORPORATE,Cust_822
"THEA HENDRICKS",QUEBEC,QUEBEC,"HOME OFFICE",Cust_823
"GRANT THORNTON",QUEBEC,QUEBEC,CORPORATE,Cust_824
"CARLOS MEADOR",QUEBEC,QUEBEC,CONSUMER,Cust_825
"CARLOS MEADOR",QUEBEC,QUEBEC,CORPORATE,Cust_826
"DOUG JACOBS",QUEBEC,QUEBEC,"HOME OFFICE",Cust_827
"BECKY MARTIN",QUEBEC,QUEBEC,"HOME OFFICE",Cust_828
"SPEROS GORANITIS",QUEBEC,QUEBEC,CORPORATE,Cust_829
"KATHERINE MURRAY",QUEBEC,QUEBEC,"HOME OFFICE",Cust_830
"MICHAEL PAIGE",QUEBEC,QUEBEC,"SMALL BUSINESS",Cust_831
"ROBERT BARROSO",QUEBEC,QUEBEC,"SMALL BUSINESS",Cust_832
"DEAN PERCER",QUEBEC,QUEBEC,"HOME OFFICE",Cust_833
"ANN BLUME",QUEBEC,QUEBEC,"SMALL BUSINESS",Cust_834
"DAMALA KOTSONIS",QUEBEC,QUEBEC,CORPORATE,Cust_835
"PAUL KNUTSON",QUEBEC,QUEBEC,CORPORATE,Cust_836
"GEORGE ZREBASSA",QUEBEC,QUEBEC,"HOME OFFICE",Cust_837
"NOEL STAAVOS",QUEBEC,QUEBEC,"HOME OFFICE",Cust_838
"AARON HAWKINS",QUEBEC,QUEBEC,"HOME OFFICE",Cust_839
"ELLIS BALLARD",QUEBEC,QUEBEC,CORPORATE,Cust_840
"TOM PRESCOTT",QUEBEC,QUEBEC,"SMALL BUSINESS",Cust_841
"DIANNA ARNETT",QUEBEC,QUEBEC,"HOME OFFICE",Cust_842
"CHUCK SACHS",QUEBEC,QUEBEC,CONSUMER,Cust_843
"BILL SHONELY",QUEBEC,QUEBEC,"SMALL BUSINESS",Cust_844
"ERIC BARRETO",QUEBEC,QUEBEC,CONSUMER,Cust_845
"DAVE POIRIER",QUEBEC,QUEBEC,"SMALL BUSINESS",Cust_846
"DAVID FLASHING",QUEBEC,QUEBEC,"HOME OFFICE",Cust_847
"ELIZABETH MOFFITT",QUEBEC,QUEBEC,CONSUMER,Cust_848
"BEN PETERMAN",QUEBEC,QUEBEC,CORPORATE,Cust_849
"BRAD THOMAS",QUEBEC,QUEBEC,"HOME OFFICE",Cust_850
"YANA SORENSEN",QUEBEC,QUEBEC,CORPORATE,Cust_851
"JANET MARTIN",QUEBEC,QUEBEC,CORPORATE,Cust_852
"DEBRA CATINI",QUEBEC,QUEBEC,"SMALL BUSINESS",Cust_853
"DAN CAMPBELL",QUEBEC,QUEBEC,"SMALL BUSINESS",Cust_854
"SYLVIA FOULSTON",QUEBEC,QUEBEC,CORPORATE,Cust_855
"ALEX GRAYSON",QUEBEC,QUEBEC,CONSUMER,Cust_856
"BARRY FRANZ",QUEBEC,QUEBEC,CORPORATE,Cust_857
"ANTHONY GARVERICK",QUEBEC,QUEBEC,"SMALL BUSINESS",Cust_858
"ASTREA JONES",QUEBEC,QUEBEC,CORPORATE,Cust_859
"CATHY HWANG",QUEBEC,QUEBEC,"HOME OFFICE",Cust_860
"DEBORAH BRUMFIELD",QUEBEC,QUEBEC,CORPORATE,Cust_861
"FRANK ATKINSON",QUEBEC,QUEBEC,CORPORATE,Cust_862
"JULIE KRIZ",QUEBEC,QUEBEC,CORPORATE,Cust_863
"ERICA HERNANDEZ",QUEBEC,QUEBEC,"SMALL BUSINESS",Cust_864
"BOBBY ELIAS",QUEBEC,QUEBEC,"SMALL BUSINESS",Cust_865
"JONI WASSERMAN",QUEBEC,QUEBEC,CONSUMER,Cust_866
"JENNIFER PATT",QUEBEC,QUEBEC,"HOME OFFICE",Cust_867
"DIANNA WILSON",QUEBEC,QUEBEC,"SMALL BUSINESS",Cust_868
"EMILY PHAN",QUEBEC,QUEBEC,CONSUMER,Cust_869
"KARL BROWN",QUEBEC,QUEBEC,"HOME OFFICE",Cust_870
"MARIBETH DONA",QUEBEC,QUEBEC,"HOME OFFICE",Cust_871
"EVAN HENRY",QUEBEC,QUEBEC,CORPORATE,Cust_872
"BILL TYLER",QUEBEC,QUEBEC,CONSUMER,Cust_873
"DENISE LEINENBACH",QUEBEC,QUEBEC,"HOME OFFICE",Cust_874
"MICHAEL STEWART",QUEBEC,QUEBEC,"SMALL BUSINESS",Cust_875
"CORINNA MITCHELL",QUEBEC,QUEBEC,CORPORATE,Cust_876
"MICHAEL KENNEDY",QUEBEC,QUEBEC,CORPORATE,Cust_877
"ALAN SHONELY",QUEBEC,QUEBEC,"SMALL BUSINESS",Cust_878
"SHIRLEY JACKSON",QUEBEC,QUEBEC,CORPORATE,Cust_879
"FRED MCMATH",QUEBEC,QUEBEC,"SMALL BUSINESS",Cust_880
"ANDY REITER",QUEBEC,QUEBEC,CORPORATE,Cust_881
"KARL BROWN",QUEBEC,QUEBEC,CORPORATE,Cust_882
"MUHAMMED LEE",QUEBEC,QUEBEC,CONSUMER,Cust_883
"PIERRE WENER",QUEBEC,QUEBEC,"HOME OFFICE",Cust_884
"PAUL LUCAS",QUEBEC,QUEBEC,CORPORATE,Cust_885
"BENJAMIN VENIER",QUEBEC,QUEBEC,"SMALL BUSINESS",Cust_886
"HAROLD DAHLEN",QUEBEC,QUEBEC,CORPORATE,Cust_887
"ERIC BARRETO",QUEBEC,QUEBEC,"SMALL BUSINESS",Cust_888
"TROY STAEBEL",QUEBEC,QUEBEC,"SMALL BUSINESS",Cust_889
"TRACY PODDAR",QUEBEC,QUEBEC,CORPORATE,Cust_890
"BOBBY TRAFTON",QUEBEC,QUEBEC,CORPORATE,Cust_891
"TONY MOLINARI",QUEBEC,QUEBEC,CORPORATE,Cust_892
"RICK DUSTON",QUEBEC,QUEBEC,CORPORATE,Cust_893
"BRENDAN MURRY",QUEBEC,QUEBEC,CORPORATE,Cust_894
"CHRISTY BRITTAIN",QUEBEC,QUEBEC,CONSUMER,Cust_895
"CRAIG YEDWAB",QUEBEC,QUEBEC,CONSUMER,Cust_896
"BOBBY TRAFTON",QUEBEC,QUEBEC,"SMALL BUSINESS",Cust_897
"KATRINA WILLMAN",QUEBEC,QUEBEC,CONSUMER,Cust_898
"GIULIETTA DORTCH",QUEBEC,QUEBEC,CONSUMER,Cust_899
"PETER MCVEE",QUEBEC,QUEBEC,"SMALL BUSINESS",Cust_900
"COREY LOCK",QUEBEC,QUEBEC,"HOME OFFICE",Cust_901
"BRADLEY DRUCKER",QUEBEC,QUEBEC,"SMALL BUSINESS",Cust_902
"DARRIN SAYRE",QUEBEC,QUEBEC,CONSUMER,Cust_903
"DEANRA ENO",QUEBEC,QUEBEC,CORPORATE,Cust_904
"BRAD THOMAS",QUEBEC,QUEBEC,CORPORATE,Cust_905
"MARK PACKER",QUEBEC,QUEBEC,"SMALL BUSINESS",Cust_906
"ELENI MCCRARY",QUEBEC,QUEBEC,CORPORATE,Cust_907
"BART FOLK",QUEBEC,QUEBEC,CORPORATE,Cust_908
"DEAN PERCER",QUEBEC,QUEBEC,CONSUMER,Cust_909
"SYLVIA FOULSTON",QUEBEC,QUEBEC,"HOME OFFICE",Cust_910
"SARA LUXEMBURG",QUEBEC,QUEBEC,"SMALL BUSINESS",Cust_911
"KEITH HERRERA",QUEBEC,QUEBEC,CORPORATE,Cust_912
"KEITH HERRERA",QUEBEC,QUEBEC,"SMALL BUSINESS",Cust_913
"CYNTHIA VOLTZ",QUEBEC,QUEBEC,CORPORATE,Cust_914
"MICHAEL OAKMAN",QUEBEC,QUEBEC,"SMALL BUSINESS",Cust_915
"DAVID KENDRICK",QUEBEC,QUEBEC,"HOME OFFICE",Cust_916
"NICOLE BRENNAN",QUEBEC,QUEBEC,"HOME OFFICE",Cust_917
"BRIAN STUGART",QUEBEC,QUEBEC,CONSUMER,Cust_918
"KAREN FERGUSON",QUEBEC,QUEBEC,"HOME OFFICE",Cust_919
"MARK HABERLIN",QUEBEC,QUEBEC,"SMALL BUSINESS",Cust_920
"GIULIETTA DORTCH",QUEBEC,QUEBEC,CORPORATE,Cust_921
"DEBORAH BRUMFIELD",QUEBEC,QUEBEC,"SMALL BUSINESS",Cust_922
"MAUREEN GASTINEAU",QUEBEC,QUEBEC,CONSUMER,Cust_923
"JULIA BARNETT",QUEBEC,QUEBEC,CORPORATE,Cust_924
"ANNE PRYOR",QUEBEC,QUEBEC,CONSUMER,Cust_925
"JUSTIN HIRSH",QUEBEC,QUEBEC,CONSUMER,Cust_926
"DORRIS LOVE",QUEBEC,QUEBEC,"HOME OFFICE",Cust_927
"BILL EPLETT",QUEBEC,QUEBEC,CORPORATE,Cust_928
"CAROLINE JUMPER",QUEBEC,QUEBEC,CORPORATE,Cust_929
"PAMELA STOBB",QUEBEC,QUEBEC,CONSUMER,Cust_930
"AARON SMAYLING",QUEBEC,QUEBEC,"SMALL BUSINESS",Cust_931
"JASPER CACIOPPO",QUEBEC,QUEBEC,"HOME OFFICE",Cust_932
"ALAN HAINES",QUEBEC,QUEBEC,CONSUMER,Cust_933
"LOGAN HAUSHALTER",QUEBEC,QUEBEC,CORPORATE,Cust_934
"LENA CACIOPPO",QUEBEC,QUEBEC,"HOME OFFICE",Cust_935
"DEIRDRE GREER",QUEBEC,QUEBEC,"HOME OFFICE",Cust_936
"JOHN STEVENSON",QUEBEC,QUEBEC,"SMALL BUSINESS",Cust_937
"SHERI GORDON",QUEBEC,QUEBEC,CORPORATE,Cust_938
"BEN WALLACE",QUEBEC,QUEBEC,"HOME OFFICE",Cust_939
"MAX ENGLE",QUEBEC,QUEBEC,CORPORATE,Cust_940
"FRED CHUNG",QUEBEC,QUEBEC,CORPORATE,Cust_941
"DENNIS KANE",QUEBEC,QUEBEC,"SMALL BUSINESS",Cust_942
"PHILLIP FLATHMANN",QUEBEC,QUEBEC,"SMALL BUSINESS",Cust_943
"MATHEW REESE",QUEBEC,QUEBEC,"SMALL BUSINESS",Cust_944
"STUART VAN",QUEBEC,QUEBEC,CONSUMER,Cust_945
"BRENDA BOWMAN",QUEBEC,QUEBEC,"SMALL BUSINESS",Cust_946
"DANIEL LACY",QUEBEC,QUEBEC,"SMALL BUSINESS",Cust_947
"JENNIFER FERGUSON",QUEBEC,QUEBEC,CORPORATE,Cust_948
"THERESA SWINT",QUEBEC,QUEBEC,CONSUMER,Cust_949
"ALAN HAINES",QUEBEC,QUEBEC,"HOME OFFICE",Cust_950
"KATHERINE NOCKTON",QUEBEC,QUEBEC,"HOME OFFICE",Cust_951
"STEWART VISINSKY",QUEBEC,QUEBEC,CORPORATE,Cust_952
"JEREMY FARRY",QUEBEC,QUEBEC,"SMALL BUSINESS",Cust_953
"CLAY LUDTKE",QUEBEC,QUEBEC,CONSUMER,Cust_954
"LAUREL ELLISTON",QUEBEC,QUEBEC,CORPORATE,Cust_955
"KATHERINE NOCKTON",QUEBEC,QUEBEC,CORPORATE,Cust_956
"THERESA SWINT",QUEBEC,QUEBEC,"SMALL BUSINESS",Cust_957
"JEREMY LONSDALE",QUEBEC,QUEBEC,CORPORATE,Cust_958
"MITCH WEBBER",QUEBEC,QUEBEC,CORPORATE,Cust_959
"SHIRLEY SCHMIDT",QUEBEC,QUEBEC,CORPORATE,Cust_960
"CAROL TRIGGS",QUEBEC,QUEBEC,"HOME OFFICE",Cust_961
"JUSTIN MACKENDRICK",QUEBEC,QUEBEC,CORPORATE,Cust_962
"JENNIFER FERGUSON",QUEBEC,QUEBEC,"HOME OFFICE",Cust_963
"SARAH BROWN",QUEBEC,QUEBEC,CONSUMER,Cust_964
"ANNE PRYOR",QUEBEC,QUEBEC,"HOME OFFICE",Cust_965
"TONY SAYRE",QUEBEC,QUEBEC,"SMALL BUSINESS",Cust_966
"KAREN FERGUSON",QUEBEC,QUEBEC,CORPORATE,Cust_967
"DIONIS LLOYD",QUEBEC,QUEBEC,"SMALL BUSINESS",Cust_968
"CAROL TRIGGS",QUEBEC,QUEBEC,CORPORATE,Cust_969
"LINDSAY CASTELL",QUEBEC,QUEBEC,"SMALL BUSINESS",Cust_970
"MICHAEL CHEN",QUEBEC,QUEBEC,CONSUMER,Cust_971
"TONY SAYRE",QUEBEC,QUEBEC,"HOME OFFICE",Cust_972
"THERESA SWINT",QUEBEC,QUEBEC,"HOME OFFICE",Cust_973
"DORRIS LOVE",QUEBEC,QUEBEC,CORPORATE,Cust_974
"LAUREL ELLISTON",QUEBEC,QUEBEC,"HOME OFFICE",Cust_975
"TOBY CARLISLE",QUEBEC,QUEBEC,"HOME OFFICE",Cust_976
"TED BUTTERFIELD",QUEBEC,QUEBEC,CORPORATE,Cust_977
"NORA PRICE",QUEBEC,QUEBEC,"HOME OFFICE",Cust_978
"LIZ WILLINGHAM",QUEBEC,QUEBEC,CORPORATE,Cust_979
"LINDSAY CASTELL",QUEBEC,QUEBEC,CORPORATE,Cust_980
"ANNE PRYOR",QUEBEC,QUEBEC,CORPORATE,Cust_981
"NORA PRICE",QUEBEC,QUEBEC,"SMALL BUSINESS",Cust_982
"MUHAMMED YEDWAB",QUEBEC,QUEBEC,CONSUMER,Cust_983
"BRENDA BOWMAN",QUEBEC,QUEBEC,"HOME OFFICE",Cust_984
"KIMBERLY CARTER",QUEBEC,QUEBEC,"SMALL BUSINESS",Cust_985
"BRIAN THOMPSON",QUEBEC,QUEBEC,"HOME OFFICE",Cust_986
"KIMBERLY CARTER",QUEBEC,QUEBEC,"HOME OFFICE",Cust_987
"SHIRLEY DANIELS",QUEBEC,QUEBEC,CORPORATE,Cust_988
"ARTHUR GAINER",QUEBEC,QUEBEC,CORPORATE,Cust_989
"TRACY PODDAR",ONTARIO,ONTARIO,CORPORATE,Cust_990
"STUART CALHOUN",ONTARIO,ONTARIO,CONSUMER,Cust_991
"ARTHUR PRICHEP",ONTARIO,ONTARIO,"HOME OFFICE",Cust_992
"KEAN NGUYEN",ONTARIO,ONTARIO,CORPORATE,Cust_993
"JIM KRIZ",ONTARIO,ONTARIO,CONSUMER,Cust_994
"HAROLD RYAN",ONTARIO,ONTARIO,"HOME OFFICE",Cust_995
"JOHN LUCAS",ONTARIO,ONTARIO,CORPORATE,Cust_996
"ALEJANDRO GROVE",ONTARIO,ONTARIO,CORPORATE,Cust_997
"SAM ZELDIN",ONTARIO,ONTARIO,"SMALL BUSINESS",Cust_998
"SALLY HUGHSBY",ONTARIO,ONTARIO,CONSUMER,Cust_999
"JANE WACO",ONTARIO,ONTARIO,CORPORATE,Cust_1000
